#{"t_start": 1671634691.975013, "env_id": "HopperBulletEnv-v0"}
r,l,t
2514.530012,1000,0.786262
2510.909331,1000,1.54585
2515.957847,1000,2.304998
2507.76601,1000,3.063979
2517.192027,1000,3.822927
2517.929095,1000,4.58265
2508.885685,1000,5.342475
2532.696508,1000,6.102401
2508.202024,1000,6.863088
2518.58926,1000,7.623957
