#{"t_start": 1671634726.216879, "env_id": "HalfCheetahBulletEnv-v0"}
r,l,t
2974.723477,1000,0.931004
3016.631049,1000,1.830435
2998.816269,1000,2.732619
3067.90092,1000,3.633316
3013.761095,1000,4.532922
3005.778861,1000,5.433389
3008.12814,1000,6.335046
2978.515663,1000,7.237385
2860.932535,1000,8.141248
3073.846553,1000,9.042511
