#{"t_start": 1671633735.7038207, "env_id": "HalfCheetahBulletEnv-v0"}
r,l,t
2710.881367,1000,0.943455
2699.921334,1000,1.857771
2692.228152,1000,2.775819
2684.656421,1000,3.692652
2698.378432,1000,4.607495
2708.083221,1000,5.522506
2699.502931,1000,6.439004
2684.308747,1000,7.352804
2705.959254,1000,8.267969
2695.602526,1000,9.18492
