#{"t_start": 1671633985.212537, "env_id": "AntBulletEnv-v0"}
r,l,t
2677.67502,1000,1.040698
2695.405922,1000,2.043615
2664.542655,1000,3.048598
2680.09931,1000,4.051203
2632.664156,1000,5.056608
2681.994412,1000,6.061946
2643.628122,1000,7.068308
2674.939351,1000,8.075374
2671.706638,1000,9.078225
2659.005227,1000,10.085005
