#{"t_start": 1670392136.3307085, "env_id": "HalfCheetahBulletEnv-v0"}
r,l,t
-1425.53959,1000,1.497523
-1190.68809,1000,2.197808
-1210.096107,1000,2.865929
-1222.978208,1000,3.543923
-1232.502928,1000,4.228204
-1101.037938,1000,4.918741
-1264.133109,1000,5.593323
-1207.345359,1000,6.260348
-1303.610972,1000,6.926498
-1062.359598,1000,7.62061
