#{"t_start": 1670321219.1248157, "env_id": "HalfCheetahBulletEnv-v0"}
r,l,t
-1425.53959,1000,1.552925
-1190.68809,1000,2.257006
-1210.096107,1000,2.930954
-1222.978208,1000,3.607074
-1232.502928,1000,4.295181
-1101.037938,1000,4.987777
-1264.133109,1000,5.662829
-1207.345359,1000,6.334728
-1303.610972,1000,7.001797
-1062.359598,1000,7.700829
