#{"t_start": 1669893154.552962, "env_id": "HalfCheetahBulletEnv-v0"}
r,l,t
-1425.53959,1000,1.601707
-1190.68809,1000,2.300333
-1210.096107,1000,2.972852
-1222.978208,1000,3.644742
-1232.502928,1000,4.326753
-1101.037938,1000,5.023199
-1264.133109,1000,5.691669
-1207.345359,1000,6.357919
-1303.610972,1000,7.027321
-1062.359598,1000,7.719244
