#{"t_start": 1671634217.1441877, "env_id": "HalfCheetahBulletEnv-v0"}
r,l,t
2868.332301,1000,0.944697
2868.532285,1000,1.859962
2877.191605,1000,2.773712
2857.294021,1000,3.687543
2865.560487,1000,4.600263
2866.020339,1000,5.512261
2858.106288,1000,6.423998
2868.834651,1000,7.332929
2869.266761,1000,8.243026
2880.141268,1000,9.154531
