#{"t_start": 1671634779.6074042, "env_id": "HalfCheetahBulletEnv-v0"}
r,l,t
3941.548965,1000,0.921903
3956.421809,1000,1.816989
3940.741025,1000,2.711704
3946.614803,1000,3.60811
3956.068757,1000,4.503343
3942.286409,1000,5.396211
3944.806754,1000,6.292267
3976.26491,1000,7.188261
3938.584997,1000,8.080922
3951.063108,1000,8.977686
