#{"t_start": 1671633467.0220883, "env_id": "HalfCheetahBulletEnv-v0"}
r,l,t
3159.112888,1000,0.9268
2925.94517,1000,1.829996
3143.076702,1000,2.728452
3107.11488,1000,3.632682
3125.383457,1000,4.536395
3103.033171,1000,5.443071
3120.234935,1000,6.345718
3147.062003,1000,7.24791
3097.476889,1000,8.151381
3152.044322,1000,9.055565
