#{"t_start": 1671633637.2437239, "env_id": "AntBulletEnv-v0"}
r,l,t
3668.117436,1000,1.018354
3639.591616,1000,2.001863
3626.292833,1000,2.990222
3638.940631,1000,3.977185
3630.2155,1000,4.966373
3671.855326,1000,5.95436
3609.855043,1000,6.941045
3690.775971,1000,7.926713
3658.481614,1000,8.911275
3670.18252,1000,9.901011
