#{"t_start": 1671634136.7067034, "env_id": "HalfCheetahBulletEnv-v0"}
r,l,t
3261.885295,1000,0.921924
3286.321308,1000,1.817147
3271.775373,1000,2.708108
3312.82527,1000,3.601362
3217.558554,1000,4.498168
3274.01396,1000,5.392813
3281.53511,1000,6.2836
2919.342456,1000,7.180482
3198.707444,1000,8.071865
3181.345335,1000,8.962442
