#{"t_start": 1671633896.349834, "env_id": "HalfCheetahBulletEnv-v0"}
r,l,t
2787.548188,1000,0.943923
2781.941799,1000,1.85895
2794.595643,1000,2.774588
2769.805049,1000,3.691038
2747.788998,1000,4.606438
2820.488447,1000,5.523179
2777.122631,1000,6.440137
2756.3341,1000,7.355005
2757.483744,1000,8.272441
2753.932234,1000,9.188403
