#{"t_start": 1671634457.8748958, "env_id": "HalfCheetahBulletEnv-v0"}
r,l,t
3249.193879,1000,0.937788
3263.188412,1000,1.84245
3266.002213,1000,2.747448
3255.511617,1000,3.65246
3269.369019,1000,4.555083
3239.127602,1000,5.46133
3259.803031,1000,6.367521
3247.117971,1000,7.271482
3261.662606,1000,8.17444
3253.167704,1000,9.077663
