#{"t_start": 1671633278.1594942, "env_id": "HalfCheetahBulletEnv-v0"}
r,l,t
2344.893741,1000,1.052615
2334.418763,1000,2.026151
2359.732717,1000,3.041106
2282.143011,1000,4.07048
2328.109517,1000,5.111104
2318.038866,1000,6.085313
2319.250297,1000,7.1092
2263.383118,1000,8.129434
2317.100785,1000,9.0928
2313.652177,1000,10.061658
