#{"t_start": 1670321337.2367008, "env_id": "HalfCheetahBulletEnv-v0"}
r,l,t
-1353.026653,1000,1.5299
-1206.615794,1000,2.19207
-1346.505951,1000,2.817707
-1238.025269,1000,3.46149
-1345.686442,1000,4.105742
-1168.914139,1000,4.758397
-988.132598,1000,5.403856
-1238.078646,1000,6.038878
-1302.624956,1000,6.686262
-1177.678827,1000,7.344379
