#{"t_start": 1669893276.5985801, "env_id": "HalfCheetahBulletEnv-v0"}
r,l,t
-1353.026653,1000,1.525424
-1206.615794,1000,2.168485
-1346.505951,1000,2.782715
-1238.025269,1000,3.410197
-1345.686442,1000,4.043028
-1168.914139,1000,4.682553
-988.132598,1000,5.311654
-1238.078646,1000,5.929955
-1302.624956,1000,6.572315
-1177.678827,1000,7.212743
