#{"t_start": 1670549528.304572, "env_id": "HalfCheetahBulletEnv-v0"}
r,l,t
-1353.026653,1000,1.510787
-1206.615794,1000,2.18207
-1346.505951,1000,2.818243
-1238.025269,1000,3.473061
-1345.686442,1000,4.130214
-1168.914139,1000,4.792079
-988.132598,1000,5.446024
-1238.078646,1000,6.09102
-1302.624956,1000,6.75145
-1177.678827,1000,7.430823
