#{"t_start": 1670392254.8599448, "env_id": "HalfCheetahBulletEnv-v0"}
r,l,t
-1353.026653,1000,1.466919
-1206.615794,1000,2.137691
-1346.505951,1000,2.766184
-1238.025269,1000,3.414845
-1345.686442,1000,4.076313
-1168.914139,1000,4.741694
-988.132598,1000,5.390669
-1238.078646,1000,6.032665
-1302.624956,1000,6.683559
-1177.678827,1000,7.352688
