#{"t_start": 1670494647.6546504, "env_id": "HalfCheetahBulletEnv-v0"}
r,l,t
-1353.026653,1000,1.484963
-1206.615794,1000,2.150075
-1346.505951,1000,2.77789
-1238.025269,1000,3.417554
-1345.686442,1000,4.057322
-1168.914139,1000,4.706153
-988.132598,1000,5.348375
-1238.078646,1000,5.978963
-1302.624956,1000,6.615884
-1177.678827,1000,7.271746
