#{"t_start": 1671634404.3417635, "env_id": "HalfCheetahBulletEnv-v0"}
r,l,t
2844.094985,1000,0.941938
2859.735456,1000,1.855446
2872.714747,1000,2.767322
2860.628988,1000,3.680778
2862.40406,1000,4.589919
2857.175318,1000,5.501267
2862.144612,1000,6.414323
2876.383031,1000,7.325319
2841.86409,1000,8.238056
2866.450954,1000,9.150462
