#{"t_start": 1671634708.6560128, "env_id": "AntBulletEnv-v0"}
r,l,t
3719.727998,1000,1.016849
3713.738672,1000,2.006878
3731.162932,1000,2.993379
3676.645882,1000,3.983728
3678.327704,1000,4.972465
3725.281228,1000,5.963138
3712.053205,1000,6.949769
3675.077062,1000,7.937534
3671.869533,1000,8.923859
3677.899317,1000,9.910834
