#{"t_start": 1671634565.3977563, "env_id": "HalfCheetahBulletEnv-v0"}
r,l,t
2873.972268,1000,0.937869
2891.673668,1000,1.848467
2884.623464,1000,2.762425
2869.873,1000,3.673228
2870.140392,1000,4.585574
2878.114158,1000,5.501002
2876.462303,1000,6.412539
2894.980804,1000,7.325021
2883.063733,1000,8.259007
2882.912517,1000,9.19054
