#{"t_start": 1671634145.6759708, "env_id": "AntBulletEnv-v0"}
r,l,t
2790.671954,1000,1.031729
2708.868759,1000,2.027695
2818.758846,1000,3.024976
2780.24982,1000,4.020326
2748.336843,1000,5.01963
2710.070749,1000,6.023792
2784.328829,1000,7.022184
2796.842416,1000,8.022566
2698.174452,1000,9.02083
2775.733857,1000,10.021485
