#{"t_start": 1671633958.6563761, "env_id": "AntBulletEnv-v0"}
r,l,t
4152.271691,1000,1.006202
4175.518158,1000,1.984542
4099.445436,1000,2.964297
4131.07618,1000,3.942213
4172.878128,1000,4.920593
4165.834781,1000,5.897779
4181.784426,1000,6.876681
3602.766985,1000,7.862062
4173.676313,1000,8.83992
4136.570152,1000,9.818489
