#{"t_start": 1671633342.0705626, "env_id": "AntBulletEnv-v0"}
r,l,t
2833.87903,1000,1.034246
2834.982911,1000,2.034631
2796.223881,1000,3.033858
2795.177637,1000,4.034316
2816.688151,1000,5.037801
2858.450459,1000,6.041375
2823.568378,1000,7.0415
2822.539207,1000,8.043587
2803.269958,1000,9.042114
2871.35616,1000,10.041587
