#{"t_start": 1671633583.4626966, "env_id": "AntBulletEnv-v0"}
r,l,t
3719.703163,1000,1.022958
3701.47663,1000,2.013249
3737.162632,1000,3.003647
3710.350934,1000,3.992837
3630.02524,1000,4.982515
3721.830092,1000,5.968703
3657.819952,1000,6.957692
3697.060437,1000,7.946225
3691.629702,1000,8.939018
3698.218033,1000,9.944777
