#{"t_start": 1671634056.5713074, "env_id": "HalfCheetahBulletEnv-v0"}
r,l,t
2856.875642,1000,0.944899
2846.536835,1000,1.862664
2844.07527,1000,2.781025
2844.969908,1000,3.698068
2839.36903,1000,4.615712
2847.42207,1000,5.531252
2850.136062,1000,6.448675
2829.07548,1000,7.365498
2860.587693,1000,8.282084
2846.169739,1000,9.202058
