#{"t_start": 1671634289.4823043, "env_id": "HopperBulletEnv-v0"}
r,l,t
2457.017271,1000,0.788066
2449.219391,1000,1.54865
2456.526215,1000,2.310031
2439.486672,1000,3.072091
2477.900343,1000,3.83259
2480.93287,1000,4.591437
2446.351728,1000,5.34968
2461.602059,1000,6.108351
2444.46494,1000,6.866315
2463.517741,1000,7.624564
