#{"t_start": 1671634377.6294985, "env_id": "HalfCheetahBulletEnv-v0"}
r,l,t
2881.308633,1000,0.946141
2864.249875,1000,1.863273
2834.795128,1000,2.779891
2861.310764,1000,3.694039
2854.655409,1000,4.606797
2858.030482,1000,5.520568
2875.777442,1000,6.433794
2836.527336,1000,7.346678
2867.099786,1000,8.25987
2868.525168,1000,9.172604
