#{"t_start": 1671634306.188892, "env_id": "AntBulletEnv-v0"}
r,l,t
2812.092398,1000,1.040298
2867.886985,1000,2.040719
2838.70746,1000,3.03777
2859.760643,1000,4.039461
2850.421705,1000,5.040458
2878.70504,1000,6.041981
2829.160328,1000,7.046669
2840.793489,1000,8.049519
2813.417577,1000,9.054837
2751.429817,1000,10.059258
