#{"t_start": 1671633976.1299589, "env_id": "HalfCheetahBulletEnv-v0"}
r,l,t
2847.968201,1000,0.950834
2800.147022,1000,1.864939
2968.291131,1000,2.766107
2955.374679,1000,3.667794
3029.214139,1000,4.566338
2871.689455,1000,5.466936
3050.03276,1000,6.36846
3008.495167,1000,7.270511
2995.032744,1000,8.170819
2457.029047,1000,9.075748
