#{"t_start": 1671634699.6056037, "env_id": "HalfCheetahBulletEnv-v0"}
r,l,t
2879.397104,1000,0.931954
2911.587793,1000,1.831879
2912.904934,1000,2.731658
2885.710448,1000,3.635138
2908.993137,1000,4.535789
2970.312857,1000,5.438949
2836.87502,1000,6.341681
2964.4683,1000,7.240002
2949.058148,1000,8.14122
2778.836051,1000,9.043582
