#{"t_start": 1671633842.6467202, "env_id": "HalfCheetahBulletEnv-v0"}
r,l,t
2547.157009,1000,0.952576
2535.886015,1000,1.87812
2532.571834,1000,2.804875
2529.524256,1000,3.729146
2532.742123,1000,4.654654
2525.711439,1000,5.57805
2540.753744,1000,6.501121
2537.886564,1000,7.4255
2532.040027,1000,8.35087
2556.441984,1000,9.275325
