#{"t_start": 1671634102.3708298, "env_id": "HopperBulletEnv-v0"}
r,l,t
2541.457573,1000,0.786593
2526.136297,1000,1.546533
2540.883985,1000,2.304787
2504.08221,1000,3.063798
2508.946897,1000,3.822292
2520.792054,1000,4.5813
2542.631515,1000,5.341835
2515.967109,1000,6.099206
2505.087772,1000,6.856357
2536.837626,1000,7.613908
