#{"t_start": 1671633968.481742, "env_id": "HopperBulletEnv-v0"}
r,l,t
2630.403291,1000,0.787188
2612.215194,1000,1.548092
2667.711798,1000,2.310541
2665.384641,1000,3.071253
2633.027979,1000,3.833041
2616.640865,1000,4.5939
2635.493003,1000,5.356073
2642.06053,1000,6.117865
2632.027538,1000,6.879323
2665.835751,1000,7.641581
