#{"t_start": 1669893304.8893452, "env_id": "HalfCheetahBulletEnv-v0"}
r,l,t
-1353.026653,1000,1.497985
-1206.615794,1000,2.127432
-1346.505951,1000,2.73274
-1238.025269,1000,3.357865
-1345.686442,1000,3.981174
-1168.914139,1000,4.609569
-988.132598,1000,5.240211
-1238.078646,1000,5.854287
-1302.624956,1000,6.480207
-1177.678827,1000,7.115928
