#{"t_start": 1670321365.2737176, "env_id": "HalfCheetahBulletEnv-v0"}
r,l,t
-1353.026653,1000,1.484583
-1206.615794,1000,2.130054
-1346.505951,1000,2.745676
-1238.025269,1000,3.383969
-1345.686442,1000,4.013619
-1168.914139,1000,4.655589
-988.132598,1000,5.299249
-1238.078646,1000,5.925606
-1302.624956,1000,6.563496
-1177.678827,1000,7.211232
