#{"t_start": 1670549556.8942726, "env_id": "HalfCheetahBulletEnv-v0"}
r,l,t
-1353.026653,1000,1.574408
-1206.615794,1000,2.217041
-1346.505951,1000,2.829446
-1238.025269,1000,3.453147
-1345.686442,1000,4.083822
-1168.914139,1000,4.722538
-988.132598,1000,5.351344
-1238.078646,1000,5.967026
-1302.624956,1000,6.595802
-1177.678827,1000,7.240286
