#{"t_start": 1670392285.797223, "env_id": "HalfCheetahBulletEnv-v0"}
r,l,t
-1353.026653,1000,1.504176
-1206.615794,1000,2.146127
-1346.505951,1000,2.755411
-1238.025269,1000,3.379146
-1345.686442,1000,4.003343
-1168.914139,1000,4.63849
-988.132598,1000,5.267905
-1238.078646,1000,5.886955
-1302.624956,1000,6.51599
-1177.678827,1000,7.155685
