#{"t_start": 1670494675.84041, "env_id": "HalfCheetahBulletEnv-v0"}
r,l,t
-1353.026653,1000,1.446215
-1206.615794,1000,2.075064
-1346.505951,1000,2.671118
-1238.025269,1000,3.280453
-1345.686442,1000,3.892552
-1168.914139,1000,4.516022
-988.132598,1000,5.131215
-1238.078646,1000,5.741004
-1302.624956,1000,6.361174
-1177.678827,1000,6.990395
