#{"t_start": 1670392303.2047033, "env_id": "AntBulletEnv-v0"}
r,l,t
467.529856,1000,1.668857
2.96889,21,1.685229
475.753102,1000,2.489432
500.692021,1000,3.279907
550.356935,1000,4.089583
270.599227,486,4.476006
104.431114,223,4.65752
485.608516,1000,5.452537
501.441912,1000,6.25899
255.634191,551,6.70922
478.163664,1000,7.503096
294.525505,620,7.996637
37.147535,89,8.06842
517.828046,1000,8.871448
