#{"t_start": 1670321382.4098682, "env_id": "AntBulletEnv-v0"}
r,l,t
467.529856,1000,1.697928
2.96889,21,1.714309
475.753102,1000,2.511817
500.692021,1000,3.289894
550.356935,1000,4.097337
270.599227,486,4.479896
104.431114,223,4.660555
485.608516,1000,5.451912
501.441912,1000,6.265605
255.634191,551,6.719662
478.163664,1000,7.506685
294.525505,620,7.998892
37.147535,89,8.070751
517.828046,1000,8.883407
