#{"t_start": 1670549574.3184328, "env_id": "AntBulletEnv-v0"}
r,l,t
467.529856,1000,1.670867
2.96889,21,1.687165
475.753102,1000,2.483378
500.692021,1000,3.264062
550.356935,1000,4.063413
270.599227,486,4.443705
104.431114,223,4.62234
485.608516,1000,5.416423
501.441912,1000,6.215096
255.634191,551,6.6603
478.163664,1000,7.450245
294.525505,620,7.953483
37.147535,89,8.02583
517.828046,1000,8.824038
