#{"t_start": 1669893322.4021454, "env_id": "AntBulletEnv-v0"}
r,l,t
467.529856,1000,1.713704
2.96889,21,1.73014
475.753102,1000,2.533177
500.692021,1000,3.318708
550.356935,1000,4.131608
270.599227,486,4.517565
104.431114,223,4.699558
485.608516,1000,5.495058
501.441912,1000,6.304671
255.634191,551,6.752402
478.163664,1000,7.545681
294.525505,620,8.046355
37.147535,89,8.118991
517.828046,1000,8.925447
