#{"t_start": 1671031862.5147123, "env_id": "AntBulletEnv-v0"}
r,l,t
467.529856,1000,1.645818
2.96889,21,1.662011
475.753102,1000,2.457585
500.692021,1000,3.231136
550.356935,1000,4.02257
270.599227,486,4.403507
104.431114,223,4.582482
485.608516,1000,5.367168
501.441912,1000,6.165614
255.634191,551,6.607491
478.163664,1000,7.389513
294.525505,620,7.876935
37.147535,89,7.947427
517.828046,1000,8.735805
