#{"t_start": 1670494695.7559354, "env_id": "AntBulletEnv-v0"}
r,l,t
467.529856,1000,1.683919
2.96889,21,1.700246
475.753102,1000,2.497282
500.692021,1000,3.276376
550.356935,1000,4.084933
270.599227,486,4.467316
104.431114,223,4.647485
485.608516,1000,5.436692
501.441912,1000,6.243968
255.634191,551,6.69018
478.163664,1000,7.472823
294.525505,620,7.961863
37.147535,89,8.034739
517.828046,1000,8.835511
