#{"t_start": 1671634664.987676, "env_id": "HopperBulletEnv-v0"}
r,l,t
2352.040634,1000,0.793627
2344.330122,1000,1.559721
2346.996732,1000,2.323938
2339.703563,1000,3.088473
2325.069863,1000,3.853482
2338.316403,1000,4.616437
2332.528354,1000,5.380281
2352.17665,1000,6.144356
2325.335343,1000,6.908547
2352.420112,1000,7.692436
