#{"t_start": 1671633781.430683, "env_id": "HopperBulletEnv-v0"}
r,l,t
2630.439232,1000,0.791668
2593.137105,1000,1.554005
2647.168853,1000,2.317561
2638.958419,1000,3.080637
2624.168228,1000,3.843153
2635.941584,1000,4.605808
2622.839241,1000,5.369181
2632.889678,1000,6.130181
2627.89571,1000,6.892425
2599.946608,1000,7.655086
