#{"t_start": 1671634672.6867816, "env_id": "HalfCheetahBulletEnv-v0"}
r,l,t
2669.648218,1000,0.974945
2686.630825,1000,1.89663
2659.391809,1000,2.82233
2673.848883,1000,3.742652
2697.158649,1000,4.664906
2686.543097,1000,5.587059
2670.463261,1000,6.50741
2695.899828,1000,7.431676
2694.945348,1000,8.353092
2677.539123,1000,9.275681
