#{"t_start": 1671634236.178619, "env_id": "HopperBulletEnv-v0"}
r,l,t
2502.117694,1000,0.7913
2472.056536,1000,1.553375
2501.826481,1000,2.315187
2472.364104,1000,3.076521
2474.831334,1000,3.837716
1496.759966,623,4.311783
2488.390679,1000,5.073331
2498.736642,1000,5.833015
2491.819509,1000,6.594002
2488.716604,1000,7.354484
