#{"t_start": 1671634083.3467097, "env_id": "HalfCheetahBulletEnv-v0"}
r,l,t
2875.885073,1000,0.944702
2873.991954,1000,1.85951
2866.340878,1000,2.775443
2857.912626,1000,3.691117
2879.390953,1000,4.603276
2876.644746,1000,5.515057
2869.599157,1000,6.428668
2851.572172,1000,7.344013
2870.429976,1000,8.257389
2874.306168,1000,9.171757
