#{"t_start": 1671634477.099232, "env_id": "HopperBulletEnv-v0"}
r,l,t
2373.320289,1000,0.790267
2375.168379,1000,1.554199
2363.782528,1000,2.316767
2369.57031,1000,3.079447
2356.559142,1000,3.841089
2351.798229,1000,4.603776
2380.226778,1000,5.367704
2367.822916,1000,6.130693
2375.579852,1000,6.895083
2350.225991,1000,7.659014
