#{"t_start": 1671634002.958793, "env_id": "HalfCheetahBulletEnv-v0"}
r,l,t
2593.003063,1000,0.954046
2610.823379,1000,1.876398
2609.60926,1000,2.797586
2597.632406,1000,3.723031
2594.697834,1000,4.645378
2576.29997,1000,5.568556
2583.378798,1000,6.488528
2587.565639,1000,7.411793
2609.304755,1000,8.334924
2611.95016,1000,9.256223
