#{"t_start": 1671634172.618906, "env_id": "AntBulletEnv-v0"}
r,l,t
2990.983835,1000,1.052141
2980.430752,1000,2.064607
3010.582821,1000,3.063971
3012.915609,1000,4.062424
3024.538658,1000,5.056968
3018.520369,1000,6.046126
3033.744981,1000,7.035003
3048.427147,1000,8.027441
3026.543537,1000,9.019063
3066.914614,1000,10.015271
