#{"t_start": 1671633306.2988214, "env_id": "HalfCheetahBulletEnv-v0"}
r,l,t
3168.16827,1000,0.929052
3200.827525,1000,1.830851
3179.842864,1000,2.733774
3202.381714,1000,3.635213
3163.889955,1000,4.537601
3156.72566,1000,5.440108
3170.470733,1000,6.341961
3175.445241,1000,7.258373
3173.063639,1000,8.163019
3189.124933,1000,9.065146
