#{"t_start": 1671634163.3634117, "env_id": "HalfCheetahBulletEnv-v0"}
r,l,t
2548.97405,1000,0.949616
2516.330543,1000,1.872051
2529.258429,1000,2.793859
2540.006472,1000,3.717235
2553.778608,1000,4.639333
2547.856281,1000,5.560734
2558.414058,1000,6.482424
2546.849783,1000,7.404749
2540.139825,1000,8.326627
2547.027287,1000,9.248391
