#{"t_start": 1671634323.9144704, "env_id": "HalfCheetahBulletEnv-v0"}
r,l,t
2669.203371,1000,0.952493
2673.344524,1000,1.874982
2679.920141,1000,2.798566
2662.350036,1000,3.723974
2628.579842,1000,4.647676
2688.184376,1000,5.571795
2671.191056,1000,6.498616
2670.771859,1000,7.421994
2642.928116,1000,8.34724
2670.745337,1000,9.270457
