#{"t_start": 1671633691.1808703, "env_id": "AntBulletEnv-v0"}
r,l,t
3211.861537,1000,1.024343
3107.588289,1000,2.024127
2969.441439,1000,3.020123
3191.045123,1000,4.016635
3158.231145,1000,5.010049
3176.30771,1000,6.001157
3202.304086,1000,6.993834
3173.617905,1000,7.986776
3141.752066,1000,8.98071
3173.6897,1000,9.97436
