#{"t_start": 1671633762.4762213, "env_id": "HalfCheetahBulletEnv-v0"}
r,l,t
2989.489555,1000,0.923621
2897.842422,1000,1.821411
3049.063829,1000,2.717209
2911.30541,1000,3.610362
2988.783409,1000,4.503696
2886.408884,1000,5.40139
3005.728202,1000,6.294486
3066.660681,1000,7.189219
3037.787963,1000,8.083029
2929.841917,1000,8.977229
