#{"t_start": 1671634297.1135163, "env_id": "HalfCheetahBulletEnv-v0"}
r,l,t
3034.823859,1000,0.934958
3047.591701,1000,1.839524
3100.207663,1000,2.743939
3096.859823,1000,3.646674
3061.436037,1000,4.549978
3103.380168,1000,5.454789
3077.781103,1000,6.358872
3093.187653,1000,7.262427
3051.062124,1000,8.165842
3066.182341,1000,9.068582
