#{"t_start": 1671633851.9292147, "env_id": "AntBulletEnv-v0"}
r,l,t
3043.636015,1000,1.022146
3008.037623,1000,2.013808
3056.825834,1000,3.008778
3115.131797,1000,4.000167
3074.636363,1000,4.993995
3087.857941,1000,5.987273
3066.126183,1000,6.981479
3084.908833,1000,7.971157
3086.023025,1000,8.962874
3065.058711,1000,9.95619
