#{"t_start": 1671633744.8959699, "env_id": "AntBulletEnv-v0"}
r,l,t
3505.77308,1000,1.021862
3516.30494,1000,2.00749
3483.759994,1000,2.996829
3514.568204,1000,3.986531
3536.928098,1000,4.976194
3547.562898,1000,5.962833
3485.19441,1000,6.950523
3499.29143,1000,7.943094
3511.163943,1000,8.932036
3487.431535,1000,9.923046
