#{"t_start": 1671633789.0923648, "env_id": "HalfCheetahBulletEnv-v0"}
r,l,t
2905.875927,1000,0.943102
2899.940032,1000,1.855814
2900.884988,1000,2.768168
2897.986352,1000,3.681852
2898.647728,1000,4.597896
2911.743403,1000,5.512975
2899.141656,1000,6.427121
2908.166951,1000,7.340607
2894.638074,1000,8.253965
2912.320061,1000,9.167516
