#{"t_start": 1671633708.828177, "env_id": "HalfCheetahBulletEnv-v0"}
r,l,t
2713.074819,1000,0.953399
2699.02909,1000,1.876155
2696.619062,1000,2.799019
2709.960594,1000,3.721537
2675.233842,1000,4.646867
2710.162656,1000,5.573138
2716.302425,1000,6.498213
2698.680811,1000,7.422884
2708.309572,1000,8.345236
2705.500515,1000,9.267756
