#{"t_start": 1671633547.4081893, "env_id": "HalfCheetahBulletEnv-v0"}
r,l,t
2788.609213,1000,0.949156
2792.582222,1000,1.871542
2773.112693,1000,2.793956
2800.975241,1000,3.717498
2795.507373,1000,4.63991
2816.061525,1000,5.561874
2786.782124,1000,6.480397
2800.404596,1000,7.400344
2780.114946,1000,8.321053
2788.959347,1000,9.244541
