#{"t_start": 1671634333.191929, "env_id": "AntBulletEnv-v0"}
r,l,t
3074.487248,1000,1.019403
3072.361784,1000,2.011393
3067.754978,1000,3.004655
3070.574466,1000,3.99414
3073.125057,1000,4.986747
3064.160949,1000,5.979583
3074.840828,1000,6.971041
3082.61551,1000,7.963568
3066.150084,1000,8.953837
3060.190292,1000,9.943969
