#{"t_start": 1671633771.460188, "env_id": "AntBulletEnv-v0"}
r,l,t
3648.382432,1000,1.020879
3659.644352,1000,2.008521
3666.329196,1000,2.995482
3680.175128,1000,3.984223
3662.297274,1000,4.972352
3672.075641,1000,5.960486
3680.946154,1000,6.948016
3608.465384,1000,7.936381
3668.973445,1000,8.955722
3649.257555,1000,9.963558
