#{"t_start": 1671633181.8337545, "env_id": "HopperBulletEnv-v0"}
r,l,t
2242.672548,1000,0.885507
2254.073599,1000,1.712807
2236.618171,1000,2.538039
2263.926077,1000,3.382865
2246.513569,1000,4.196479
2246.934258,1000,5.018003
1041.765058,465,5.410033
2279.179176,1000,6.238252
2227.918702,1000,7.067393
2238.747063,1000,7.892582
