#{"t_start": 1671633512.8086293, "env_id": "HopperBulletEnv-v0"}
r,l,t
2053.806869,1000,0.792234
2025.98307,1000,1.559709
2034.453682,1000,2.326307
2056.4702,1000,3.093044
2019.264097,1000,3.860861
2042.434063,1000,4.626163
2013.987418,1000,5.390417
577.971633,278,5.603959
2030.123419,1000,6.368719
2049.537447,1000,7.134482
