#{"t_start": 1671633923.099397, "env_id": "HalfCheetahBulletEnv-v0"}
r,l,t
3146.69964,1000,0.926331
3154.724367,1000,1.820754
3112.441921,1000,2.717518
3125.838816,1000,3.613818
3128.324216,1000,4.509962
3114.844128,1000,5.406521
3150.836795,1000,6.301581
3161.560032,1000,7.195641
3137.627002,1000,8.092838
3153.028932,1000,8.991653
