#{"t_start": 1671031877.282736, "env_id": "HalfCheetahBulletEnv-v0"}
r,l,t
-1438.744433,1000,1.564006
-1234.415689,1000,2.271607
-1193.472903,1000,2.961788
-1149.539033,1000,3.646495
-1379.596574,1000,4.337258
-1362.20513,1000,5.029127
-1343.433356,1000,5.712424
-1277.884489,1000,6.394573
-1208.685714,1000,7.086955
-1323.309216,1000,7.788389
