#{"t_start": 1670494706.7676034, "env_id": "HalfCheetahBulletEnv-v0"}
r,l,t
-1438.744433,1000,1.578983
-1234.415689,1000,2.264342
-1193.472903,1000,2.934262
-1149.539033,1000,3.590902
-1379.596574,1000,4.262529
-1362.20513,1000,4.933151
-1343.433356,1000,5.591654
-1277.884489,1000,6.260923
-1208.685714,1000,6.941662
-1323.309216,1000,7.612926
