#{"t_start": 1670549585.4494655, "env_id": "HalfCheetahBulletEnv-v0"}
r,l,t
-1438.744433,1000,1.530526
-1234.415689,1000,2.212825
-1193.472903,1000,2.881853
-1149.539033,1000,3.546451
-1379.596574,1000,4.212438
-1362.20513,1000,4.880981
-1343.433356,1000,5.543751
-1277.884489,1000,6.205804
-1208.685714,1000,6.879746
-1323.309216,1000,7.551597
