#{"t_start": 1670321393.4209719, "env_id": "HalfCheetahBulletEnv-v0"}
r,l,t
-1438.744433,1000,1.548226
-1234.415689,1000,2.2453
-1193.472903,1000,2.925463
-1149.539033,1000,3.591936
-1379.596574,1000,4.275739
-1362.20513,1000,4.957071
-1343.433356,1000,5.624829
-1277.884489,1000,6.306493
-1208.685714,1000,6.997057
-1323.309216,1000,7.681018
