#{"t_start": 1669893333.6836941, "env_id": "HalfCheetahBulletEnv-v0"}
r,l,t
-1438.744433,1000,1.529379
-1234.415689,1000,2.209786
-1193.472903,1000,2.881259
-1149.539033,1000,3.543073
-1379.596574,1000,4.209748
-1362.20513,1000,4.880386
-1343.433356,1000,5.541489
-1277.884489,1000,6.209178
-1208.685714,1000,6.890844
-1323.309216,1000,7.561739
