#{"t_start": 1671633654.7873175, "env_id": "HalfCheetahBulletEnv-v0"}
r,l,t
2933.866494,1000,0.950236
2955.306286,1000,1.869843
2913.931738,1000,2.788237
2937.987979,1000,3.709898
2928.549172,1000,4.630934
2939.002017,1000,5.552453
2936.743316,1000,6.477883
2940.663188,1000,7.398426
2944.20706,1000,8.318606
2930.953719,1000,9.236504
