#{"t_start": 1671633620.3533225, "env_id": "HopperBulletEnv-v0"}
r,l,t
2706.260303,1000,0.788673
2758.703188,1000,1.549573
2801.502456,1000,2.31008
2768.284142,1000,3.07215
2804.363624,1000,3.833865
2789.394724,1000,4.592838
2773.383378,1000,5.354833
2748.218926,1000,6.115643
2742.572517,1000,6.876439
2761.83206,1000,7.636189
