#{"t_start": 1671634243.8266227, "env_id": "HalfCheetahBulletEnv-v0"}
r,l,t
3181.551805,1000,0.925856
3182.595984,1000,1.826088
3169.687281,1000,2.724426
3195.96678,1000,3.623675
3128.56668,1000,4.521716
3180.467224,1000,5.420468
3055.078041,1000,6.3228
3175.461151,1000,7.221788
3154.259379,1000,8.124408
3142.166951,1000,9.023256
