#{"t_start": 1671633288.2280211, "env_id": "AntBulletEnv-v0"}
r,l,t
4032.923788,1000,1.081874
4030.327683,1000,2.151714
3991.677557,1000,3.186653
4012.121339,1000,4.302469
4063.257978,1000,5.382538
4044.721595,1000,6.39849
4034.681227,1000,7.39963
4008.24067,1000,8.392377
4032.794245,1000,9.38457
4055.981904,1000,10.374334
