#{"t_start": 1671633888.6637747, "env_id": "HopperBulletEnv-v0"}
r,l,t
2525.438728,1000,0.7929
2510.651419,1000,1.558415
2514.897197,1000,2.32213
2500.170678,1000,3.087709
2546.272268,1000,3.852666
2493.476714,1000,4.617389
2516.229568,1000,5.380279
2534.28106,1000,6.144184
2527.549153,1000,6.908068
2522.601463,1000,7.67936
