#{"t_start": 1671633440.2800493, "env_id": "HalfCheetahBulletEnv-v0"}
r,l,t
2880.163466,1000,0.935522
2937.539094,1000,1.841126
2917.560896,1000,2.748124
2965.885738,1000,3.655701
2930.625598,1000,4.56346
2919.852318,1000,5.474114
2934.830149,1000,6.385363
2921.657455,1000,7.294696
2941.198399,1000,8.200357
2913.577605,1000,9.109127
