#{"t_start": 1669893265.636968, "env_id": "AntBulletEnv-v0"}
r,l,t
506.638342,1000,1.662241
7.204791,22,1.679034
505.407211,1000,2.454278
514.64586,1000,3.205025
486.066775,1000,3.98061
84.427767,181,4.120285
522.325503,1000,4.889504
290.946546,598,5.345554
140.299388,288,5.582012
339.271653,732,6.1538
492.684034,1000,6.945108
192.557775,409,7.254402
510.636748,1000,8.029713
