#{"t_start": 1670549513.804044, "env_id": "AntBulletEnv-v0"}
r,l,t
506.638342,1000,1.623826
7.204791,22,1.639855
505.407211,1000,2.39915
514.64586,1000,3.141106
486.066775,1000,3.898719
84.427767,181,4.035769
522.325503,1000,4.788512
290.946546,598,5.244653
140.299388,288,5.467545
339.271653,732,6.031737
492.684034,1000,6.790174
192.557775,409,7.096075
510.636748,1000,7.852203
