#{"t_start": 1670321326.5828094, "env_id": "AntBulletEnv-v0"}
r,l,t
506.638342,1000,1.634727
7.204791,22,1.650921
505.407211,1000,2.417598
514.64586,1000,3.159395
486.066775,1000,3.923364
84.427767,181,4.061605
522.325503,1000,4.820871
290.946546,598,5.273258
140.299388,288,5.510895
339.271653,732,6.073156
492.684034,1000,6.836932
192.557775,409,7.142353
510.636748,1000,7.911539
