#{"t_start": 1670392244.1034799, "env_id": "AntBulletEnv-v0"}
r,l,t
506.638342,1000,1.628658
7.204791,22,1.6448
505.407211,1000,2.410622
514.64586,1000,3.150812
486.066775,1000,3.915921
84.427767,181,4.05333
522.325503,1000,4.809509
290.946546,598,5.261345
140.299388,288,5.487657
339.271653,732,6.061875
492.684034,1000,6.823353
192.557775,409,7.128308
510.636748,1000,7.895196
