#{"t_start": 1670494637.0211148, "env_id": "AntBulletEnv-v0"}
r,l,t
506.638342,1000,1.635262
7.204791,22,1.651479
505.407211,1000,2.409497
514.64586,1000,3.144615
486.066775,1000,3.900719
84.427767,181,4.038695
522.325503,1000,4.785516
290.946546,598,5.231001
140.299388,288,5.452835
339.271653,732,6.004551
492.684034,1000,6.758508
192.557775,409,7.059307
510.636748,1000,7.813195
