#{"t_start": 1670494586.3056831, "env_id": "HalfCheetahBulletEnv-v0"}
r,l,t
-1425.53959,1000,1.463856
-1190.68809,1000,2.120559
-1210.096107,1000,2.735945
-1222.978208,1000,3.363869
-1232.502928,1000,3.997229
-1101.037938,1000,4.6375
-1264.133109,1000,5.263329
-1207.345359,1000,5.87806
-1303.610972,1000,6.492113
-1062.359598,1000,7.131662
