#{"t_start": 1670392197.2541456, "env_id": "HalfCheetahBulletEnv-v0"}
r,l,t
-1425.53959,1000,1.450903
-1190.68809,1000,2.098891
-1210.096107,1000,2.717194
-1222.978208,1000,3.345982
-1232.502928,1000,3.972833
-1101.037938,1000,4.609447
-1264.133109,1000,5.236989
-1207.345359,1000,5.85438
-1303.610972,1000,6.465878
-1062.359598,1000,7.102667
