#{"t_start": 1669893216.0522056, "env_id": "HalfCheetahBulletEnv-v0"}
r,l,t
-1425.53959,1000,1.558709
-1190.68809,1000,2.208353
-1210.096107,1000,2.82406
-1222.978208,1000,3.44532
-1232.502928,1000,4.082867
-1101.037938,1000,4.723794
-1264.133109,1000,5.349146
-1207.345359,1000,5.970108
-1303.610972,1000,6.591064
-1062.359598,1000,7.233349
