#{"t_start": 1670321276.459584, "env_id": "HalfCheetahBulletEnv-v0"}
r,l,t
-1425.53959,1000,1.526751
-1190.68809,1000,2.172311
-1210.096107,1000,2.780247
-1222.978208,1000,3.394629
-1232.502928,1000,4.023204
-1101.037938,1000,4.652559
-1264.133109,1000,5.263485
-1207.345359,1000,5.871664
-1303.610972,1000,6.48239
-1062.359598,1000,7.113484
