#{"t_start": 1671634359.9486463, "env_id": "AntBulletEnv-v0"}
r,l,t
3302.114389,1000,1.020074
3286.46291,1000,2.015257
3280.122694,1000,3.008371
3282.542536,1000,4.001757
3295.811086,1000,4.995164
3297.069652,1000,5.988479
3299.216961,1000,6.984821
3279.872392,1000,7.977994
3287.977445,1000,8.97081
3280.22232,1000,9.965401
