#{"t_start": 1671634511.7237976, "env_id": "HalfCheetahBulletEnv-v0"}
r,l,t
2550.420939,1000,0.957557
2557.17873,1000,1.89027
2549.563924,1000,2.817169
2553.547453,1000,3.746057
2548.516472,1000,4.672783
2544.680787,1000,5.598523
2525.111408,1000,6.524623
2544.848146,1000,7.452506
2564.450285,1000,8.379317
2556.874411,1000,9.30465
