#{"t_start": 1671634075.6681123, "env_id": "HopperBulletEnv-v0"}
r,l,t
2666.315801,1000,0.809811
2700.743832,1000,1.58819
2684.185147,1000,2.350618
2668.266329,1000,3.112956
2666.943197,1000,3.873062
2670.339375,1000,4.636012
2676.823181,1000,5.395414
2672.241886,1000,6.154168
2669.057329,1000,6.912518
2681.867428,1000,7.672035
