#{"t_start": 1671634190.28632, "env_id": "HalfCheetahBulletEnv-v0"}
r,l,t
2759.73378,1000,0.948766
2773.141313,1000,1.869632
2747.856786,1000,2.790701
2769.299254,1000,3.712853
2712.712221,1000,4.634212
2764.549739,1000,5.564535
2772.727867,1000,6.484511
2734.668881,1000,7.405264
2776.245358,1000,8.323343
2749.732916,1000,9.243463
