#{"t_start": 1670321248.2686915, "env_id": "HalfCheetahBulletEnv-v0"}
r,l,t
-1425.53959,1000,1.488975
-1190.68809,1000,2.155214
-1210.096107,1000,2.795547
-1222.978208,1000,3.442255
-1232.502928,1000,4.088372
-1101.037938,1000,4.744327
-1264.133109,1000,5.385881
-1207.345359,1000,6.019423
-1303.610972,1000,6.647046
-1062.359598,1000,7.303155
