#{"t_start": 1670494557.746005, "env_id": "HalfCheetahBulletEnv-v0"}
r,l,t
-1425.53959,1000,1.488101
-1190.68809,1000,2.151815
-1210.096107,1000,2.788141
-1222.978208,1000,3.425518
-1232.502928,1000,4.073811
-1101.037938,1000,4.731499
-1264.133109,1000,5.367191
-1207.345359,1000,5.999558
-1303.610972,1000,6.630165
-1062.359598,1000,7.298612
