#{"t_start": 1669893187.4712336, "env_id": "HalfCheetahBulletEnv-v0"}
r,l,t
-1425.53959,1000,1.498844
-1190.68809,1000,2.16005
-1210.096107,1000,2.793715
-1222.978208,1000,3.437777
-1232.502928,1000,4.086213
-1101.037938,1000,4.739017
-1264.133109,1000,5.374196
-1207.345359,1000,6.014881
-1303.610972,1000,6.656248
-1062.359598,1000,7.31355
