#{"t_start": 1670392165.563714, "env_id": "HalfCheetahBulletEnv-v0"}
r,l,t
-1425.53959,1000,1.469129
-1190.68809,1000,2.137467
-1210.096107,1000,2.769589
-1222.978208,1000,3.413261
-1232.502928,1000,4.062616
-1101.037938,1000,4.720101
-1264.133109,1000,5.360919
-1207.345359,1000,5.998939
-1303.610972,1000,6.638032
-1062.359598,1000,7.297544
