#{"t_start": 1671634484.7649713, "env_id": "HalfCheetahBulletEnv-v0"}
r,l,t
2616.501638,1000,0.955854
2603.704946,1000,1.881473
2586.413475,1000,2.805116
2605.368186,1000,3.730751
2561.870099,1000,4.654006
2588.555676,1000,5.578771
2597.146874,1000,6.503478
2574.597724,1000,7.424119
2593.451065,1000,8.349729
2600.74921,1000,9.273766
