#{"t_start": 1671634369.9209564, "env_id": "HopperBulletEnv-v0"}
r,l,t
2366.322979,1000,0.788723
2402.597859,1000,1.549443
2389.752543,1000,2.309036
2356.904255,1000,3.092583
2375.755624,1000,3.877548
2384.113146,1000,4.644397
2386.214889,1000,5.411116
2364.191502,1000,6.174962
2367.689305,1000,6.939176
2388.579372,1000,7.701843
