#{"t_start": 1671633869.558586, "env_id": "HalfCheetahBulletEnv-v0"}
r,l,t
2884.74046,1000,0.942585
2903.083346,1000,1.850581
2907.624373,1000,2.758541
2867.311608,1000,3.666809
2913.304432,1000,4.572793
2887.523236,1000,5.480744
2925.626205,1000,6.388491
2933.082369,1000,7.295475
2900.928878,1000,8.202287
2857.334512,1000,9.108474
