#{"t_start": 1671633574.2844057, "env_id": "HalfCheetahBulletEnv-v0"}
r,l,t
2882.311567,1000,0.936485
2871.170273,1000,1.846189
2898.505692,1000,2.754904
2908.807015,1000,3.665635
2858.452212,1000,4.600269
2864.604768,1000,5.531325
2871.596816,1000,6.443815
2890.511057,1000,7.353204
2887.684471,1000,8.262105
2888.463246,1000,9.171318
