#{"t_start": 1671634494.045756, "env_id": "AntBulletEnv-v0"}
r,l,t
2995.300073,1000,1.026391
3078.990394,1000,2.042072
3009.212564,1000,3.043506
3005.344867,1000,4.042485
3059.500309,1000,5.038977
3077.79718,1000,6.032832
3062.861451,1000,7.029656
3007.561749,1000,8.026964
3001.436867,1000,9.022965
3074.38747,1000,10.016785
