#{"t_start": 1671634423.3877256, "env_id": "HopperBulletEnv-v0"}
r,l,t
2726.853427,1000,0.790647
2681.419785,1000,1.551107
2693.013946,1000,2.312678
2693.040735,1000,3.075513
2742.058693,1000,3.83544
2684.64409,1000,4.596709
2695.056667,1000,5.356963
2685.387502,1000,6.118179
2704.657765,1000,6.878764
2694.869741,1000,7.640037
