#{"t_start": 1670392225.720156, "env_id": "HalfCheetahBulletEnv-v0"}
r,l,t
-1353.026653,1000,1.517436
-1206.615794,1000,2.207974
-1346.505951,1000,2.866228
-1238.025269,1000,3.542662
-1345.686442,1000,4.217864
-1168.914139,1000,4.901219
-988.132598,1000,5.576264
-1238.078646,1000,6.248189
-1302.624956,1000,6.927446
-1177.678827,1000,7.615865
