#{"t_start": 1669893244.758838, "env_id": "HalfCheetahBulletEnv-v0"}
r,l,t
-1353.026653,1000,1.516715
-1206.615794,1000,2.189822
-1346.505951,1000,2.836136
-1238.025269,1000,3.494002
-1345.686442,1000,4.156927
-1168.914139,1000,4.833588
-988.132598,1000,5.495011
-1238.078646,1000,6.145896
-1302.624956,1000,6.817968
-1177.678827,1000,7.490904
