#{"t_start": 1670321304.6904538, "env_id": "HalfCheetahBulletEnv-v0"}
r,l,t
-1353.026653,1000,1.552247
-1206.615794,1000,2.246626
-1346.505951,1000,2.912572
-1238.025269,1000,3.589351
-1345.686442,1000,4.262299
-1168.914139,1000,4.947372
-988.132598,1000,5.624422
-1238.078646,1000,6.292011
-1302.624956,1000,6.969132
-1177.678827,1000,7.660434
