#{"t_start": 1670494618.5871055, "env_id": "HalfCheetahBulletEnv-v0"}
r,l,t
-1353.026653,1000,1.514428
-1206.615794,1000,2.217645
-1346.505951,1000,2.874658
-1238.025269,1000,3.553639
-1345.686442,1000,4.234571
-1168.914139,1000,4.926473
-988.132598,1000,5.604326
-1238.078646,1000,6.274003
-1302.624956,1000,6.958913
-1177.678827,1000,7.648775
