#{"t_start": 1670549495.322868, "env_id": "HalfCheetahBulletEnv-v0"}
r,l,t
-1353.026653,1000,1.540859
-1206.615794,1000,2.231222
-1346.505951,1000,2.888216
-1238.025269,1000,3.570849
-1345.686442,1000,4.24338
-1168.914139,1000,4.927691
-988.132598,1000,5.611237
-1238.078646,1000,6.281556
-1302.624956,1000,6.962596
-1177.678827,1000,7.660136
