#{"t_start": 1671634611.25258, "env_id": "HopperBulletEnv-v0"}
r,l,t
2860.394332,1000,0.785165
2876.198113,1000,1.546447
2459.079835,863,2.204014
2193.121222,768,2.788806
2863.223562,1000,3.550298
2834.364522,1000,4.313449
2874.162469,1000,5.074364
2851.612006,1000,5.834646
2875.44018,1000,6.595822
494.488494,186,6.738154
2883.472993,1000,7.499022
