#{"t_start": 1671633229.837372, "env_id": "AntBulletEnv-v0"}
r,l,t
3227.645526,1000,1.123027
3251.011889,1000,2.185166
3240.005331,1000,3.254786
3245.12196,1000,4.328761
3242.168174,1000,5.430191
3229.874641,1000,6.513698
3244.494876,1000,7.625733
3246.020154,1000,8.74875
3245.163863,1000,9.830198
3197.225192,1000,10.928959
