#{"t_start": 1671634012.222133, "env_id": "AntBulletEnv-v0"}
r,l,t
3091.37833,1000,1.026966
3120.384789,1000,2.020817
3140.551269,1000,3.024915
3067.797527,1000,4.020566
3094.63772,1000,5.012812
3135.839145,1000,6.007438
3100.679557,1000,7.000225
3138.568645,1000,7.995683
2986.527039,1000,8.990952
3126.522833,1000,9.984878
