#{"t_start": 1671634592.1846843, "env_id": "HalfCheetahBulletEnv-v0"}
r,l,t
2865.642694,1000,0.947315
2854.073151,1000,1.863618
2852.73569,1000,2.779433
2852.760004,1000,3.697311
2837.431238,1000,4.615049
2854.670006,1000,5.533385
2851.367099,1000,6.4505
2859.702163,1000,7.372153
2870.744325,1000,8.290863
2852.55672,1000,9.208519
