#{"t_start": 1671634396.7099273, "env_id": "HopperBulletEnv-v0"}
r,l,t
2628.422782,1000,0.787608
2633.871415,1000,1.547513
2647.515814,1000,2.305437
2654.027209,1000,3.062392
2633.65204,1000,3.821365
2631.612813,1000,4.582623
2606.042482,1000,5.344849
2638.215034,1000,6.105389
2637.96104,1000,6.86442
2628.893305,1000,7.625223
