#{"t_start": 1671634681.969301, "env_id": "AntBulletEnv-v0"}
r,l,t
3494.219473,1000,1.028325
3502.74346,1000,2.023615
3511.284419,1000,3.019311
3492.683252,1000,4.013442
3504.710492,1000,5.00928
3464.558999,1000,6.006687
3506.454247,1000,7.0021
3467.132861,1000,8.00053
3507.828268,1000,9.001531
3489.586552,1000,9.998873
