#{"t_start": 1671633681.9106212, "env_id": "HalfCheetahBulletEnv-v0"}
r,l,t
2310.287998,1000,0.952846
2313.392284,1000,1.874597
2304.783062,1000,2.797795
2325.216882,1000,3.720807
2318.668808,1000,4.641504
2331.896609,1000,5.56171
2330.028358,1000,6.484877
2328.326776,1000,7.408705
2318.24679,1000,8.335609
2340.536239,1000,9.263238
