#{"t_start": 1671634119.1344573, "env_id": "AntBulletEnv-v0"}
r,l,t
3883.73624,1000,1.017314
3875.880814,1000,2.002683
3860.061892,1000,2.98828
3831.673583,1000,3.976945
3874.458433,1000,4.966363
3876.970282,1000,5.957005
3890.455307,1000,6.946931
3890.02826,1000,7.933958
3891.957552,1000,8.923861
3874.034936,1000,9.912757
