#{"t_start": 1671634386.8092923, "env_id": "AntBulletEnv-v0"}
r,l,t
3499.68345,1000,1.015942
3515.482262,1000,2.00105
3474.42875,1000,2.9881
3519.541976,1000,3.976707
3506.194612,1000,4.964593
3494.68364,1000,5.95138
3501.5103,1000,6.939743
3529.746905,1000,7.924634
3514.074644,1000,8.908468
3478.108394,1000,9.893771
