#{"t_start": 1671634065.7803953, "env_id": "AntBulletEnv-v0"}
r,l,t
3823.339834,1000,1.017004
3886.827216,1000,2.000989
3847.018788,1000,2.986615
3811.280126,1000,3.969807
3739.760427,1000,4.953926
3846.646216,1000,5.936037
3776.14114,1000,6.918123
3881.988508,1000,7.904059
3818.577112,1000,8.890317
3688.745883,1000,9.880628
