#{"t_start": 1670321176.362727, "env_id": "AntBulletEnv-v0"}
r,l,t
494.606387,1000,1.663398
156.743947,327,1.907181
520.600511,1000,2.637798
338.235934,732,3.176533
469.302519,1000,3.920265
465.331889,1000,4.666844
509.977176,1000,5.398026
181.445753,353,5.652057
47.877063,114,5.738238
11.187079,39,5.767178
514.964019,1000,6.515505
509.607847,1000,7.261656
457.456337,1000,7.994701
