#{"t_start": 1669893115.2698946, "env_id": "AntBulletEnv-v0"}
r,l,t
494.606387,1000,1.607043
156.743947,327,1.850714
520.600511,1000,2.579753
338.235934,732,3.110791
469.302519,1000,3.854851
465.331889,1000,4.594323
509.977176,1000,5.3182
181.445753,353,5.569892
47.877063,114,5.655934
11.187079,39,5.692384
514.964019,1000,6.433929
509.607847,1000,7.170849
457.456337,1000,7.906166
