#{"t_start": 1671633915.4431531, "env_id": "HopperBulletEnv-v0"}
r,l,t
2558.96311,1000,0.791516
2562.908694,1000,1.552331
2588.980592,1000,2.314238
2561.976367,1000,3.076705
2566.364605,1000,3.838589
2540.117893,1000,4.602005
2566.123869,1000,5.363679
2554.994772,1000,6.12587
2524.239412,1000,6.887892
2540.561655,1000,7.649657
