#{"t_start": 1671633834.9881556, "env_id": "HopperBulletEnv-v0"}
r,l,t
1594.304035,675,0.543014
2373.971567,1000,1.305319
2328.296082,1000,2.067084
2305.305854,1000,2.82924
2306.244187,1000,3.590605
2307.396961,1000,4.352466
2327.181037,1000,5.116601
488.94415,213,5.279165
2343.362156,1000,6.042333
2352.633022,1000,6.804534
2313.396526,1000,7.566232
