#{"t_start": 1671634466.9593353, "env_id": "AntBulletEnv-v0"}
r,l,t
2719.380505,1000,1.041873
2675.838329,1000,2.043617
2652.780872,1000,3.046496
2656.337669,1000,4.049284
2690.891669,1000,5.052814
2640.063459,1000,6.056336
2673.165097,1000,7.091075
2575.341326,1000,8.11312
2662.685213,1000,9.124037
2679.896019,1000,10.132977
