#{"t_start": 1671634262.7990987, "env_id": "HopperBulletEnv-v0"}
r,l,t
2503.404411,1000,0.787516
2519.220638,1000,1.547231
2504.721913,1000,2.30604
2512.097123,1000,3.063951
2522.280373,1000,3.825557
2504.418126,1000,4.586177
2511.90695,1000,5.349137
2515.307525,1000,6.109886
2500.112887,1000,6.870126
2506.264775,1000,7.63314
