#{"t_start": 1671634557.7601616, "env_id": "HopperBulletEnv-v0"}
r,l,t
2521.905495,1000,0.788093
2599.546003,1000,1.546981
2567.422673,1000,2.306909
2579.967961,1000,3.066829
2558.275572,1000,3.831053
2563.734977,1000,4.591957
1836.898266,724,5.141172
2544.686583,1000,5.899173
2542.722077,1000,6.659326
862.628851,349,6.925038
