#{"t_start": 1671634350.7722688, "env_id": "HalfCheetahBulletEnv-v0"}
r,l,t
2766.822804,1000,0.941999
2741.210536,1000,1.859996
2796.528653,1000,2.774452
2789.511915,1000,3.689575
2781.692075,1000,4.60358
2760.137289,1000,5.517684
2783.191826,1000,6.431432
2770.95253,1000,7.344207
2775.910022,1000,8.257447
2782.389465,1000,9.169571
