#{"t_start": 1671633200.1991072, "env_id": "AntBulletEnv-v0"}
r,l,t
3290.152879,1000,1.205302
3279.529581,1000,2.343497
3280.134903,1000,3.41941
3283.602533,1000,4.482314
3249.988664,1000,5.532412
3221.257508,1000,6.590685
3284.433512,1000,7.799422
3247.676221,1000,8.908514
3266.03846,1000,9.969041
3298.257513,1000,11.062881
