#{"t_start": 1671634718.573719, "env_id": "HopperBulletEnv-v0"}
r,l,t
2440.764477,1000,0.787388
2454.14048,1000,1.548448
2464.336224,1000,2.309341
2470.732474,1000,3.069362
2416.393116,1000,3.83182
2465.047999,1000,4.593748
2471.100862,1000,5.3555
2478.552942,1000,6.116788
2462.788081,1000,6.877299
2478.886809,1000,7.636755
