#{"t_start": 1671633808.3201125, "env_id": "HopperBulletEnv-v0"}
r,l,t
2795.27794,1000,0.79038
2801.417444,1000,1.551982
2800.497854,1000,2.313472
2786.921135,1000,3.074401
2780.892873,1000,3.834771
2794.382826,1000,4.599351
2791.829486,1000,5.363844
2804.66973,1000,6.127557
2780.563939,1000,6.891692
2795.022493,1000,7.652616
