#{"t_start": 1671634752.8464274, "env_id": "HalfCheetahBulletEnv-v0"}
r,l,t
2876.462702,1000,0.943394
2881.584837,1000,1.859538
2890.42089,1000,2.776656
2889.485638,1000,3.691826
2882.836917,1000,4.608803
2887.901534,1000,5.519747
2889.126503,1000,6.433124
2875.133373,1000,7.350332
2886.670905,1000,8.269611
2884.616957,1000,9.184801
