#{"t_start": 1670494575.6603067, "env_id": "AntBulletEnv-v0"}
r,l,t
512.959818,1000,1.665372
14.50696,47,1.700046
247.901201,526,2.084697
284.753606,610,2.545271
501.940869,1000,3.296723
6.953982,25,3.314503
37.859228,97,3.38744
493.940583,1000,4.132848
481.662389,1000,4.887204
4.451408,20,4.901204
75.831569,169,5.027495
448.774558,1000,5.764827
174.539127,352,6.030615
216.470757,452,6.366452
39.418706,84,6.427772
518.123519,1000,7.171136
491.836316,1000,7.917941
