#{"t_start": 1670392186.609333, "env_id": "AntBulletEnv-v0"}
r,l,t
512.959818,1000,1.596846
14.50696,47,1.631805
247.901201,526,2.021627
284.753606,610,2.486533
501.940869,1000,3.247305
6.953982,25,3.265499
37.859228,97,3.338692
493.940583,1000,4.087298
481.662389,1000,4.846162
4.451408,20,4.860172
75.831569,169,4.987551
448.774558,1000,5.729861
174.539127,352,5.995945
216.470757,452,6.335095
39.418706,84,6.39661
518.123519,1000,7.14656
491.836316,1000,7.896323
