#{"t_start": 1670321265.8934426, "env_id": "AntBulletEnv-v0"}
r,l,t
512.959818,1000,1.621519
14.50696,47,1.656118
247.901201,526,2.042957
284.753606,610,2.497053
501.940869,1000,3.245378
6.953982,25,3.263334
37.859228,97,3.335917
493.940583,1000,4.079784
481.662389,1000,4.837117
4.451408,20,4.85109
75.831569,169,4.977515
448.774558,1000,5.718179
174.539127,352,5.983566
216.470757,452,6.318535
39.418706,84,6.379892
518.123519,1000,7.120447
491.836316,1000,7.877856
