#{"t_start": 1669893205.32798, "env_id": "AntBulletEnv-v0"}
r,l,t
512.959818,1000,1.630008
14.50696,47,1.664843
247.901201,526,2.055511
284.753606,610,2.515545
501.940869,1000,3.266046
6.953982,25,3.284081
37.859228,97,3.357638
493.940583,1000,4.111286
481.662389,1000,4.87276
4.451408,20,4.887104
75.831569,169,5.015516
448.774558,1000,5.766468
174.539127,352,6.035036
216.470757,452,6.372268
39.418706,84,6.434327
518.123519,1000,7.181581
491.836316,1000,7.942658
