#{"t_start": 1671633379.032771, "env_id": "HopperBulletEnv-v0"}
r,l,t
2449.37405,1000,0.786983
2443.316259,1000,1.565931
2444.623163,1000,2.350553
2472.712131,1000,3.112896
2444.788868,1000,3.876641
2466.063771,1000,4.637181
2451.342346,1000,5.398731
2448.529977,1000,6.158796
2471.675291,1000,6.919252
1691.138505,684,7.439395
