#{"t_start": 1671634252.8566847, "env_id": "AntBulletEnv-v0"}
r,l,t
3972.282171,1000,1.019729
4032.728421,1000,2.009937
4023.855423,1000,3.000335
4030.014724,1000,3.989771
4019.643849,1000,4.978093
4027.97359,1000,5.969874
4009.630133,1000,6.958568
4016.584173,1000,7.949074
4026.131306,1000,8.940552
4024.405521,1000,9.935428
