#{"t_start": 1671633995.3044438, "env_id": "HopperBulletEnv-v0"}
r,l,t
2541.675103,1000,0.791617
2544.286716,1000,1.555084
2535.279315,1000,2.318315
2534.381225,1000,3.081322
2533.571336,1000,3.84338
2537.555681,1000,4.602242
2544.12667,1000,5.36177
2539.930159,1000,6.122242
1784.449513,719,6.670018
2517.69851,1000,7.433232
