#{"t_start": 1671633593.4144316, "env_id": "HopperBulletEnv-v0"}
r,l,t
2289.505371,1000,0.810436
2268.195017,1000,1.591658
2306.160644,1000,2.378609
2300.960369,1000,3.160761
2283.719223,1000,3.940757
2273.259209,1000,4.719451
2285.953734,1000,5.496155
2322.449298,1000,6.272196
2281.499323,1000,7.047002
2278.342094,1000,7.822596
