#{"t_start": 1671633298.6090655, "env_id": "HopperBulletEnv-v0"}
r,l,t
2496.91961,1000,0.790743
2589.045272,1000,1.555781
2557.463614,1000,2.319043
2563.363176,1000,3.087719
649.750119,256,3.284734
2523.281509,1000,4.055262
2592.902807,1000,4.823791
2618.0645,1000,5.588998
1228.57882,483,5.958674
2578.215922,1000,6.721838
2555.476342,1000,7.484422
501.281715,208,7.642803
