#{"t_start": 1671633718.1026483, "env_id": "AntBulletEnv-v0"}
r,l,t
3435.134997,1000,1.023049
3540.542372,1000,2.01433
3521.215002,1000,3.006014
3543.379087,1000,3.994582
3621.9317,1000,4.986813
3534.264462,1000,5.976712
3540.853749,1000,6.968475
3549.292341,1000,7.956648
3583.485263,1000,8.946787
3579.334807,1000,9.934175
