#{"t_start": 1671633405.9384663, "env_id": "HopperBulletEnv-v0"}
r,l,t
2517.476686,1000,0.788266
2486.09426,1000,1.549812
2491.960675,1000,2.311671
2530.676378,1000,3.071842
2460.738175,1000,3.834156
2510.187983,1000,4.595556
2493.246286,1000,5.356241
2494.081517,1000,6.116579
2489.352776,1000,6.877467
2482.425156,1000,7.637449
