#{"t_start": 1671634279.6200125, "env_id": "AntBulletEnv-v0"}
r,l,t
3844.615873,1000,1.01591
3858.09388,1000,1.997778
3852.377479,1000,2.981991
3853.621688,1000,3.964432
3836.735359,1000,4.945877
3873.707955,1000,5.928657
3781.855938,1000,6.91155
3888.46054,1000,7.892201
3839.228339,1000,8.874103
3881.873513,1000,9.855351
