#{"t_start": 1671031934.998201, "env_id": "HalfCheetahBulletEnv-v0"}
r,l,t
-1438.744433,1000,1.477654
-1234.415689,1000,2.117565
-1193.472903,1000,2.741366
-1149.539033,1000,3.35171
-1379.596574,1000,3.976017
-1362.20513,1000,4.599067
-1343.433356,1000,5.210439
-1277.884489,1000,5.827114
-1208.685714,1000,6.461606
-1323.309216,1000,7.083556
