#{"t_start": 1669893393.7077703, "env_id": "HalfCheetahBulletEnv-v0"}
r,l,t
-1438.744433,1000,1.464288
-1234.415689,1000,2.07927
-1193.472903,1000,2.683216
-1149.539033,1000,3.265328
-1379.596574,1000,3.86833
-1362.20513,1000,4.476812
-1343.433356,1000,5.070087
-1277.884489,1000,5.662127
-1208.685714,1000,6.272745
-1323.309216,1000,6.87693
