#{"t_start": 1670494763.2225487, "env_id": "HalfCheetahBulletEnv-v0"}
r,l,t
-1438.744433,1000,1.506338
-1234.415689,1000,2.134343
-1193.472903,1000,2.762202
-1149.539033,1000,3.371009
-1379.596574,1000,4.021093
-1362.20513,1000,4.646478
-1343.433356,1000,5.262485
-1277.884489,1000,5.881439
-1208.685714,1000,6.529553
-1323.309216,1000,7.15475
