#{"t_start": 1671087647.2372742, "env_id": "HalfCheetahBulletEnv-v0"}
r,l,t
-1438.744433,1000,1.458807
-1234.415689,1000,2.096473
-1193.472903,1000,2.723976
-1149.539033,1000,3.334815
-1379.596574,1000,3.971649
-1362.20513,1000,4.599037
-1343.433356,1000,5.216727
-1277.884489,1000,5.837226
-1208.685714,1000,6.465793
-1323.309216,1000,7.091304
