#{"t_start": 1670321452.8503995, "env_id": "HalfCheetahBulletEnv-v0"}
r,l,t
-1438.744433,1000,1.479441
-1234.415689,1000,2.116102
-1193.472903,1000,2.741609
-1149.539033,1000,3.357849
-1379.596574,1000,3.982351
-1362.20513,1000,4.608346
-1343.433356,1000,5.225321
-1277.884489,1000,5.849078
-1208.685714,1000,6.481418
-1323.309216,1000,7.102251
