#{"t_start": 1670392374.5800877, "env_id": "HalfCheetahBulletEnv-v0"}
r,l,t
-1438.744433,1000,1.48156
-1234.415689,1000,2.118939
-1193.472903,1000,2.746812
-1149.539033,1000,3.364621
-1379.596574,1000,3.990195
-1362.20513,1000,4.616364
-1343.433356,1000,5.233742
-1277.884489,1000,5.863198
-1208.685714,1000,6.493314
-1323.309216,1000,7.119209
