#{"t_start": 1670549646.7463367, "env_id": "HalfCheetahBulletEnv-v0"}
r,l,t
-1438.744433,1000,1.438423
-1234.415689,1000,2.049792
-1193.472903,1000,2.658514
-1149.539033,1000,3.240281
-1379.596574,1000,3.841108
-1362.20513,1000,4.442587
-1343.433356,1000,5.038214
-1277.884489,1000,5.628196
-1208.685714,1000,6.232403
-1323.309216,1000,6.83461
