#{"t_start": 1671634531.0029628, "env_id": "HopperBulletEnv-v0"}
r,l,t
2649.183279,1000,0.793416
2625.526974,1000,1.556357
2617.011213,1000,2.31917
2635.873082,1000,3.081851
2658.883941,1000,3.844983
2662.218681,1000,4.607899
2650.947072,1000,5.372231
2637.593542,1000,6.134154
2626.501305,1000,6.896643
2641.133021,1000,7.661655
