#{"t_start": 1671633601.2436879, "env_id": "HalfCheetahBulletEnv-v0"}
r,l,t
2895.270319,1000,0.951957
2907.321583,1000,1.875359
2906.097691,1000,2.790565
2894.843931,1000,3.705539
2872.673319,1000,4.621605
2878.130128,1000,5.536608
2878.840942,1000,6.450935
2909.684736,1000,7.3651
2881.635177,1000,8.279217
2894.782424,1000,9.194489
