#{"t_start": 1669893233.5615327, "env_id": "AntBulletEnv-v0"}
r,l,t
506.638342,1000,1.663744
7.204791,22,1.680877
505.407211,1000,2.484393
514.64586,1000,3.258021
486.066775,1000,4.077742
84.427767,181,4.22023
522.325503,1000,5.010876
290.946546,598,5.482059
140.299388,288,5.721783
339.271653,732,6.306597
492.684034,1000,7.114798
192.557775,409,7.433176
510.636748,1000,8.238305
