#{"t_start": 1670549484.2138317, "env_id": "AntBulletEnv-v0"}
r,l,t
506.638342,1000,1.670737
7.204791,22,1.687704
505.407211,1000,2.484993
514.64586,1000,3.267839
486.066775,1000,4.064825
84.427767,181,4.208734
522.325503,1000,4.994937
290.946546,598,5.472147
140.299388,288,5.707433
339.271653,732,6.293098
492.684034,1000,7.084912
192.557775,409,7.404376
510.636748,1000,8.206738
