#{"t_start": 1670321293.6273913, "env_id": "AntBulletEnv-v0"}
r,l,t
506.638342,1000,1.683858
7.204791,22,1.701147
505.407211,1000,2.505839
514.64586,1000,3.287232
486.066775,1000,4.083945
84.427767,181,4.22875
522.325503,1000,5.026544
290.946546,598,5.500769
140.299388,288,5.744503
339.271653,732,6.332658
492.684034,1000,7.137738
192.557775,409,7.458777
510.636748,1000,8.26111
