#{"t_start": 1670392214.6233761, "env_id": "AntBulletEnv-v0"}
r,l,t
506.638342,1000,1.661464
7.204791,22,1.678421
505.407211,1000,2.474697
514.64586,1000,3.246318
486.066775,1000,4.058692
84.427767,181,4.202151
522.325503,1000,4.988274
290.946546,598,5.455935
140.299388,288,5.702327
339.271653,732,6.288399
492.684034,1000,7.082347
192.557775,409,7.400142
510.636748,1000,8.223758
