#{"t_start": 1670494607.5651834, "env_id": "AntBulletEnv-v0"}
r,l,t
506.638342,1000,1.658573
7.204791,22,1.675455
505.407211,1000,2.472826
514.64586,1000,3.24043
486.066775,1000,4.035295
84.427767,181,4.181442
522.325503,1000,4.963783
290.946546,598,5.431524
140.299388,288,5.662696
339.271653,732,6.241606
492.684034,1000,7.035067
192.557775,409,7.351415
510.636748,1000,8.146638
