#{"t_start": 1671634638.0437078, "env_id": "HopperBulletEnv-v0"}
r,l,t
2082.92767,1000,0.795989
2091.305359,1000,1.563081
2091.917057,1000,2.329777
2078.136233,1000,3.095434
2093.74168,1000,3.861273
2098.043744,1000,4.62715
2093.003475,1000,5.39316
2094.065665,1000,6.15839
2073.013171,1000,6.925954
2113.33756,1000,7.692042
