#{"t_start": 1670392115.9063532, "env_id": "HalfCheetahBulletEnv-v0"}
r,l,t
-1201.581077,1000,1.504081
-1362.804844,1000,2.118884
-1394.369299,1000,2.721352
-1074.185914,1000,3.338463
-1383.935665,1000,3.958358
-1233.552928,1000,4.582969
-1099.201345,1000,5.194489
-1390.580161,1000,5.805856
-1196.443869,1000,6.435192
-1174.960353,1000,7.050186
