#{"t_start": 1669893125.837555, "env_id": "HalfCheetahBulletEnv-v0"}
r,l,t
-1201.581077,1000,1.549787
-1362.804844,1000,2.167263
-1394.369299,1000,2.771448
-1074.185914,1000,3.384279
-1383.935665,1000,4.007537
-1233.552928,1000,4.637674
-1099.201345,1000,5.249775
-1390.580161,1000,5.852987
-1196.443869,1000,6.478094
-1174.960353,1000,7.08982
