#{"t_start": 1670321186.993031, "env_id": "HalfCheetahBulletEnv-v0"}
r,l,t
-1201.581077,1000,1.556288
-1362.804844,1000,2.176817
-1394.369299,1000,2.783578
-1074.185914,1000,3.404545
-1383.935665,1000,4.035349
-1233.552928,1000,4.666039
-1099.201345,1000,5.285712
-1390.580161,1000,5.905068
-1196.443869,1000,6.532797
-1174.960353,1000,7.154172
