#{"t_start": 1671634654.939943, "env_id": "AntBulletEnv-v0"}
r,l,t
2865.048144,1000,1.030962
2922.776594,1000,2.031063
2897.333,1000,3.03135
2856.95314,1000,4.033942
2852.420883,1000,5.03475
2865.512581,1000,6.038093
2941.008134,1000,7.039349
2870.434956,1000,8.040277
2869.635513,1000,9.040694
2903.354196,1000,10.040847
