#{"t_start": 1671634450.1999567, "env_id": "HopperBulletEnv-v0"}
r,l,t
2545.565843,1000,0.804991
2553.340141,1000,1.565879
2578.996679,1000,2.329378
2570.974764,1000,3.092421
2310.260023,919,3.793869
2582.24822,1000,4.556436
2583.375574,1000,5.318059
2545.130625,1000,6.080579
2555.26637,1000,6.84361
2575.130938,1000,7.605757
