#{"t_start": 1671633878.6739202, "env_id": "AntBulletEnv-v0"}
r,l,t
3323.790267,1000,1.050365
3295.584955,1000,2.052112
3324.144773,1000,3.044934
3322.770141,1000,4.034871
3313.298525,1000,5.025021
3305.169593,1000,6.018391
3352.110598,1000,7.008294
3333.984419,1000,7.995875
3351.603057,1000,8.990017
3306.092235,1000,9.982945
