#{"t_start": 1671633485.9684393, "env_id": "HopperBulletEnv-v0"}
r,l,t
2514.881762,1000,0.783636
2491.46397,1000,1.542195
2510.934106,1000,2.301318
2523.12495,1000,3.06001
2506.67159,1000,3.81959
2529.674831,1000,4.584567
2534.279013,1000,5.344913
2526.611121,1000,6.105931
2542.319876,1000,6.86763
2548.247422,1000,7.628312
