#{"t_start": 1671634022.2139273, "env_id": "HopperBulletEnv-v0"}
r,l,t
2451.139196,1000,0.791219
2472.095513,1000,1.553229
2470.145629,1000,2.316173
2477.67654,1000,3.077173
2436.408146,1000,3.839057
1574.256713,631,4.319337
1875.174493,765,4.901847
2464.249973,1000,5.662432
2455.742512,1000,6.421874
2470.011243,1000,7.180571
