#{"t_start": 1671633529.7316048, "env_id": "AntBulletEnv-v0"}
r,l,t
3202.425126,1000,1.025972
3194.182785,1000,2.02098
3010.077932,1000,3.018137
3192.157431,1000,4.014586
3172.052969,1000,5.009474
3194.97853,1000,6.005277
3153.873186,1000,7.00158
3192.60379,1000,7.99646
3175.059965,1000,8.991933
3176.92879,1000,9.987863
