#{"t_start": 1671633315.370729, "env_id": "AntBulletEnv-v0"}
r,l,t
4035.926825,1000,1.018287
4037.585168,1000,2.007123
4069.121866,1000,2.995965
4076.354543,1000,3.986615
4058.379439,1000,4.977349
4065.695146,1000,5.966995
4075.017302,1000,6.957434
4061.276055,1000,7.959092
4065.554066,1000,8.955364
4055.723113,1000,9.945063
