#{"t_start": 1671633674.1811175, "env_id": "HopperBulletEnv-v0"}
r,l,t
2325.133614,1000,0.793946
2293.275509,1000,1.558784
2308.578342,1000,2.322284
2303.479786,1000,3.085844
2272.96915,1000,3.851248
2319.75841,1000,4.61567
2305.598648,1000,5.400631
2302.745982,1000,6.187785
2284.512956,1000,6.956537
2304.98928,1000,7.722884
