#{"t_start": 1671633422.7870092, "env_id": "AntBulletEnv-v0"}
r,l,t
3850.701115,1000,1.01201
3847.996439,1000,2.001344
3876.011553,1000,2.983906
3819.918144,1000,3.965885
3859.002606,1000,4.946159
3843.104248,1000,5.92959
3858.27504,1000,6.911284
3860.265665,1000,7.891757
3857.478753,1000,8.873339
3867.572476,1000,9.852448
