#{"t_start": 1671634440.236, "env_id": "AntBulletEnv-v0"}
r,l,t
3975.68244,1000,1.026833
3946.255081,1000,2.019719
3976.675306,1000,3.011013
3969.456356,1000,4.003194
3956.052487,1000,4.995458
3986.514693,1000,5.989288
3961.582764,1000,6.984128
3969.680479,1000,7.97412
3558.709334,1000,8.966604
3931.092565,1000,9.957098
