#{"t_start": 1671633798.266871, "env_id": "AntBulletEnv-v0"}
r,l,t
3807.957506,1000,1.031594
3809.695898,1000,2.034541
3846.820528,1000,3.037157
3782.631318,1000,4.040077
3851.099015,1000,5.042129
3882.010618,1000,6.044319
3862.605996,1000,7.046446
3864.28746,1000,8.049045
3882.384134,1000,9.045788
3878.195194,1000,10.046376
