#{"t_start": 1671633169.6851637, "env_id": "AntBulletEnv-v0"}
r,l,t
2546.68886,1000,2.417585
2618.130319,1000,3.522616
2686.475471,1000,4.626215
2706.307248,1000,5.746166
2670.687245,1000,6.814258
2650.158927,1000,7.866207
2635.614193,1000,8.946877
2572.315052,1000,10.028526
2635.064685,1000,11.074041
2587.805732,1000,12.141189
