#{"t_start": 1671634504.0694127, "env_id": "HopperBulletEnv-v0"}
r,l,t
2455.506562,1000,0.788502
2445.445396,1000,1.550138
2441.045458,1000,2.31454
2431.549884,1000,3.077746
2456.556629,1000,3.842677
2438.954361,1000,4.605218
2445.012681,1000,5.366053
2448.742134,1000,6.127689
2442.924128,1000,6.887745
2444.153467,1000,7.647704
