#{"t_start": 1671634092.5251691, "env_id": "AntBulletEnv-v0"}
r,l,t
3802.916282,1000,1.011952
3812.177119,1000,1.993685
3853.978228,1000,2.971683
3850.119817,1000,3.952823
3840.72173,1000,4.93348
3859.798457,1000,5.916732
3831.459916,1000,6.897954
3818.594626,1000,7.879406
3840.283435,1000,8.859176
3844.913797,1000,9.838819
