#{"t_start": 1671633269.9299247, "env_id": "HopperBulletEnv-v0"}
r,l,t
2489.577026,1000,0.836292
2457.633865,1000,1.641283
2473.486083,1000,2.449145
2450.878059,1000,3.2569
2441.713,1000,4.082836
2494.53495,1000,4.902204
2501.559426,1000,5.721645
2473.350372,1000,6.5426
2457.404916,1000,7.362234
2443.701895,1000,8.222704
