#{"t_start": 1671633219.6561992, "env_id": "HalfCheetahBulletEnv-v0"}
r,l,t
2819.554525,1000,1.010066
2846.401096,1000,1.980721
2821.345083,1000,3.015193
2835.922101,1000,4.057165
2778.398574,1000,5.09958
2815.110577,1000,6.110054
2786.320272,1000,7.115586
2842.827339,1000,8.134266
2819.142618,1000,9.136588
2821.324636,1000,10.174124
