#{"t_start": 1671087636.7203758, "env_id": "AntBulletEnv-v0"}
r,l,t
467.529856,1000,1.576073
2.96889,21,1.590878
475.753102,1000,2.335676
500.692021,1000,3.062612
550.356935,1000,3.808395
270.599227,486,4.167172
104.431114,223,4.335853
485.608516,1000,5.072563
501.441912,1000,5.823426
255.634191,551,6.240836
478.163664,1000,6.975403
294.525505,620,7.430656
37.147535,89,7.497188
517.828046,1000,8.239384
