#{"t_start": 1670321442.4880824, "env_id": "AntBulletEnv-v0"}
r,l,t
467.529856,1000,1.646909
2.96889,21,1.661654
475.753102,1000,2.407063
500.692021,1000,3.126223
550.356935,1000,3.863154
270.599227,486,4.216417
104.431114,223,4.386667
485.608516,1000,5.124266
501.441912,1000,5.873137
255.634191,551,6.290247
478.163664,1000,7.028523
294.525505,620,7.482837
37.147535,89,7.548678
517.828046,1000,8.291214
