#{"t_start": 1670494752.9199083, "env_id": "AntBulletEnv-v0"}
r,l,t
467.529856,1000,1.638543
2.96889,21,1.653349
475.753102,1000,2.388364
500.692021,1000,3.110007
550.356935,1000,3.845606
270.599227,486,4.197257
104.431114,223,4.36272
485.608516,1000,5.093324
501.441912,1000,5.832888
255.634191,551,6.243041
478.163664,1000,6.969131
294.525505,620,7.424554
37.147535,89,7.489895
517.828046,1000,8.221739
