#{"t_start": 1670392361.0372562, "env_id": "AntBulletEnv-v0"}
r,l,t
467.529856,1000,1.638582
2.96889,21,1.652883
475.753102,1000,2.379533
500.692021,1000,3.079527
550.356935,1000,3.806525
270.599227,486,4.153134
104.431114,223,4.317194
485.608516,1000,5.030895
501.441912,1000,5.762508
255.634191,551,6.167097
478.163664,1000,6.874777
294.525505,620,7.314473
37.147535,89,7.378543
517.828046,1000,8.099449
