#{"t_start": 1669893383.2976787, "env_id": "AntBulletEnv-v0"}
r,l,t
467.529856,1000,1.600598
2.96889,21,1.614906
475.753102,1000,2.335532
500.692021,1000,3.034894
550.356935,1000,3.764266
270.599227,486,4.106855
104.431114,223,4.268916
485.608516,1000,4.978817
501.441912,1000,5.710478
255.634191,551,6.117258
478.163664,1000,6.83113
294.525505,620,7.269248
37.147535,89,7.333991
517.828046,1000,8.074119
