#{"t_start": 1671031924.302239, "env_id": "AntBulletEnv-v0"}
r,l,t
467.529856,1000,1.638008
2.96889,21,1.653273
475.753102,1000,2.41592
500.692021,1000,3.154355
550.356935,1000,3.917037
270.599227,486,4.281593
104.431114,223,4.453858
485.608516,1000,5.206721
501.441912,1000,5.973799
255.634191,551,6.399499
478.163664,1000,7.147173
294.525505,620,7.613937
37.147535,89,7.6815
517.828046,1000,8.44175
