#{"t_start": 1670549636.0119472, "env_id": "AntBulletEnv-v0"}
r,l,t
467.529856,1000,1.617318
2.96889,21,1.632395
475.753102,1000,2.399211
500.692021,1000,3.14188
550.356935,1000,3.914088
270.599227,486,4.280334
104.431114,223,4.452137
485.608516,1000,5.20582
501.441912,1000,5.96805
255.634191,551,6.393961
478.163664,1000,7.146064
294.525505,620,7.612812
37.147535,89,7.6802
517.828046,1000,8.440019
