#{"t_start": 1671634343.1427653, "env_id": "HopperBulletEnv-v0"}
r,l,t
2503.254522,1000,0.786976
2495.17088,1000,1.546921
2495.883871,1000,2.309303
2513.121478,1000,3.070827
2507.16722,1000,3.831028
2487.929283,1000,4.588897
2519.974449,1000,5.34732
2504.415642,1000,6.103368
2481.987507,1000,6.86302
2499.734642,1000,7.622922
