#{"t_start": 1671634627.9915898, "env_id": "AntBulletEnv-v0"}
r,l,t
2656.998967,1000,1.036432
2698.377838,1000,2.037278
2761.984465,1000,3.038219
2746.758509,1000,4.038562
2780.456462,1000,5.04159
2742.35264,1000,6.043365
2725.641142,1000,7.045222
2735.345877,1000,8.044919
2681.004258,1000,9.045711
2722.769117,1000,10.045271
