#{"t_start": 1671634048.9163823, "env_id": "HopperBulletEnv-v0"}
r,l,t
2438.979335,1000,0.788671
2425.170017,1000,1.550768
2428.613404,1000,2.31134
2433.148543,1000,3.073587
2435.991784,1000,3.835992
2436.795374,1000,4.598075
2422.867016,1000,5.359962
2421.08496,1000,6.122575
2411.117096,1000,6.886009
2444.032189,1000,7.648338
