#{"t_start": 1671633566.6354487, "env_id": "HopperBulletEnv-v0"}
r,l,t
2404.629115,1000,0.793297
2442.139774,1000,1.555811
2408.511559,1000,2.317297
2405.34538,1000,3.079214
2388.35303,1000,3.841923
2410.341265,1000,4.603655
2420.741511,1000,5.364649
2438.631588,1000,6.124487
2413.759246,1000,6.883023
2386.720809,1000,7.642334
