#{"t_start": 1670549614.6634707, "env_id": "HalfCheetahBulletEnv-v0"}
r,l,t
-1438.744433,1000,1.52208
-1234.415689,1000,2.18199
-1193.472903,1000,2.83482
-1149.539033,1000,3.478055
-1379.596574,1000,4.123187
-1362.20513,1000,4.772171
-1343.433356,1000,5.417985
-1277.884489,1000,6.05973
-1208.685714,1000,6.717492
-1323.309216,1000,7.368439
