#{"t_start": 1671087619.050492, "env_id": "HalfCheetahBulletEnv-v0"}
r,l,t
-1438.744433,1000,1.51942
-1234.415689,1000,2.178621
-1193.472903,1000,2.827685
-1149.539033,1000,3.462063
-1379.596574,1000,4.107452
-1362.20513,1000,4.75786
-1343.433356,1000,5.394987
-1277.884489,1000,6.035626
-1208.685714,1000,6.690098
-1323.309216,1000,7.336979
