#{"t_start": 1670392343.4240649, "env_id": "HalfCheetahBulletEnv-v0"}
r,l,t
-1438.744433,1000,1.469125
-1234.415689,1000,2.11934
-1193.472903,1000,2.760116
-1149.539033,1000,3.391716
-1379.596574,1000,4.028515
-1362.20513,1000,4.672684
-1343.433356,1000,5.311544
-1277.884489,1000,5.950356
-1208.685714,1000,6.598982
-1323.309216,1000,7.244415
