#{"t_start": 1670494735.4993696, "env_id": "HalfCheetahBulletEnv-v0"}
r,l,t
-1438.744433,1000,1.533102
-1234.415689,1000,2.19915
-1193.472903,1000,2.84032
-1149.539033,1000,3.462998
-1379.596574,1000,4.095307
-1362.20513,1000,4.738003
-1343.433356,1000,5.368162
-1277.884489,1000,6.001741
-1208.685714,1000,6.645475
-1323.309216,1000,7.280358
