#{"t_start": 1669893365.5685093, "env_id": "HalfCheetahBulletEnv-v0"}
r,l,t
-1438.744433,1000,1.534468
-1234.415689,1000,2.183449
-1193.472903,1000,2.821913
-1149.539033,1000,3.451251
-1379.596574,1000,4.092894
-1362.20513,1000,4.732559
-1343.433356,1000,5.366349
-1277.884489,1000,5.998576
-1208.685714,1000,6.651529
-1323.309216,1000,7.290812
