#{"t_start": 1670321425.1639028, "env_id": "HalfCheetahBulletEnv-v0"}
r,l,t
-1438.744433,1000,1.49447
-1234.415689,1000,2.151064
-1193.472903,1000,2.79566
-1149.539033,1000,3.425995
-1379.596574,1000,4.076465
-1362.20513,1000,4.724054
-1343.433356,1000,5.359667
-1277.884489,1000,6.005413
-1208.685714,1000,6.656932
-1323.309216,1000,7.301482
