#{"t_start": 1671031906.619946, "env_id": "HalfCheetahBulletEnv-v0"}
r,l,t
-1438.744433,1000,1.485098
-1234.415689,1000,2.140119
-1193.472903,1000,2.785985
-1149.539033,1000,3.422474
-1379.596574,1000,4.06476
-1362.20513,1000,4.712496
-1343.433356,1000,5.351031
-1277.884489,1000,5.991378
-1208.685714,1000,6.642086
-1323.309216,1000,7.289186
