#{"t_start": 1671633539.726115, "env_id": "HopperBulletEnv-v0"}
r,l,t
2417.612912,1000,0.794981
2447.935877,1000,1.561549
2429.706533,1000,2.325055
2448.380632,1000,3.089297
2454.100617,1000,3.852856
2450.273387,1000,4.617207
2449.937556,1000,5.381195
2429.258431,1000,6.146774
2437.570757,1000,6.911288
2430.552219,1000,7.675689
