#{"t_start": 1671633728.0437884, "env_id": "HopperBulletEnv-v0"}
r,l,t
2589.821359,1000,0.789567
2578.424022,1000,1.550387
2560.268351,1000,2.313648
2587.258894,1000,3.076626
2564.585921,1000,3.840645
2564.749828,1000,4.603047
2548.020368,1000,5.366188
2562.44733,1000,6.128789
2560.032733,1000,6.891321
2578.932633,1000,7.653407
