#{"t_start": 1669893143.2832506, "env_id": "AntBulletEnv-v0"}
r,l,t
512.959818,1000,1.687298
14.50696,47,1.724854
247.901201,526,2.140494
284.753606,610,2.631962
501.940869,1000,3.43722
6.953982,25,3.456547
37.859228,97,3.535214
493.940583,1000,4.335475
481.662389,1000,5.156485
4.451408,20,5.171537
75.831569,169,5.307965
448.774558,1000,6.101497
174.539127,352,6.387289
216.470757,452,6.74823
39.418706,84,6.814635
518.123519,1000,7.616347
491.836316,1000,8.429752
