#{"t_start": 1670321204.4698427, "env_id": "AntBulletEnv-v0"}
r,l,t
512.959818,1000,1.691232
14.50696,47,1.729006
247.901201,526,2.145595
284.753606,610,2.631573
501.940869,1000,3.439595
6.953982,25,3.458786
37.859228,97,3.537274
493.940583,1000,4.342776
481.662389,1000,5.150348
4.451408,20,5.165479
75.831569,169,5.301817
448.774558,1000,6.09558
174.539127,352,6.387958
216.470757,452,6.747786
39.418706,84,6.814154
518.123519,1000,7.610232
491.836316,1000,8.414231
