#{"t_start": 1670392125.2419813, "env_id": "AntBulletEnv-v0"}
r,l,t
512.959818,1000,1.633418
14.50696,47,1.670644
247.901201,526,2.086083
284.753606,610,2.571546
501.940869,1000,3.375459
6.953982,25,3.394377
37.859228,97,3.472399
493.940583,1000,4.266106
481.662389,1000,5.075929
4.451408,20,5.091803
75.831569,169,5.228989
448.774558,1000,6.017732
174.539127,352,6.302237
216.470757,452,6.659847
39.418706,84,6.725757
518.123519,1000,7.522742
491.836316,1000,8.319807
