#{"t_start": 1671634413.4990022, "env_id": "AntBulletEnv-v0"}
r,l,t
3748.276039,1000,1.011626
3790.836801,1000,1.994628
3790.043438,1000,2.980514
3789.795657,1000,3.963082
3793.589389,1000,4.950042
3785.868756,1000,5.935608
3781.529392,1000,6.921864
3756.626479,1000,7.909017
3765.611135,1000,8.897399
3795.770111,1000,9.8819
