#{"t_start": 1671633824.9408846, "env_id": "AntBulletEnv-v0"}
r,l,t
2661.771853,1000,1.038659
2713.695922,1000,2.038496
2697.523809,1000,3.03804
2735.808496,1000,4.038577
2702.679498,1000,5.037611
2688.171932,1000,6.037544
2678.473309,1000,7.037532
2724.082417,1000,8.038881
2693.101654,1000,9.039069
2665.823743,1000,10.040297
