#{"t_start": 1671633449.3956797, "env_id": "AntBulletEnv-v0"}
r,l,t
3996.409749,1000,1.019274
3972.770871,1000,2.011408
4016.919155,1000,3.005438
4021.389224,1000,3.993763
3996.727483,1000,4.98604
3994.819768,1000,5.980139
4000.279024,1000,6.973369
4018.121141,1000,7.965994
4043.544221,1000,8.957253
4026.401512,1000,9.946365
