#{"t_start": 1671031895.7946942, "env_id": "AntBulletEnv-v0"}
r,l,t
467.529856,1000,1.635218
2.96889,21,1.65085
475.753102,1000,2.422818
500.692021,1000,3.180961
550.356935,1000,3.953823
270.599227,486,4.321281
104.431114,223,4.496046
485.608516,1000,5.264027
501.441912,1000,6.035543
255.634191,551,6.465086
478.163664,1000,7.228952
294.525505,620,7.698958
37.147535,89,7.768378
517.828046,1000,8.53526
