#{"t_start": 1670392332.682681, "env_id": "AntBulletEnv-v0"}
r,l,t
467.529856,1000,1.633042
2.96889,21,1.648471
475.753102,1000,2.41193
500.692021,1000,3.156354
550.356935,1000,3.918158
270.599227,486,4.282455
104.431114,223,4.45364
485.608516,1000,5.212643
501.441912,1000,5.975828
255.634191,551,6.401822
478.163664,1000,7.158483
294.525505,620,7.623793
37.147535,89,7.692589
517.828046,1000,8.450563
