#{"t_start": 1670549603.84381, "env_id": "AntBulletEnv-v0"}
r,l,t
467.529856,1000,1.626223
2.96889,21,1.641773
475.753102,1000,2.409578
500.692021,1000,3.165166
550.356935,1000,3.936816
270.599227,486,4.302835
104.431114,223,4.475668
485.608516,1000,5.238652
501.441912,1000,6.01093
255.634191,551,6.439372
478.163664,1000,7.201868
294.525505,620,7.671334
37.147535,89,7.739835
517.828046,1000,8.515515
