#{"t_start": 1671087608.3910944, "env_id": "AntBulletEnv-v0"}
r,l,t
467.529856,1000,1.588099
2.96889,21,1.603726
475.753102,1000,2.367747
500.692021,1000,3.112883
550.356935,1000,3.876409
270.599227,486,4.241427
104.431114,223,4.412915
485.608516,1000,5.16651
501.441912,1000,5.931299
255.634191,551,6.35947
478.163664,1000,7.110845
294.525505,620,7.578301
37.147535,89,7.645882
517.828046,1000,8.404819
