#{"t_start": 1670321414.571249, "env_id": "AntBulletEnv-v0"}
r,l,t
467.529856,1000,1.657974
2.96889,21,1.673318
475.753102,1000,2.44085
500.692021,1000,3.192711
550.356935,1000,3.974173
270.599227,486,4.343031
104.431114,223,4.516482
485.608516,1000,5.278873
501.441912,1000,6.04822
255.634191,551,6.481787
478.163664,1000,7.236543
294.525505,620,7.712636
37.147535,89,7.781989
517.828046,1000,8.556119
