#{"t_start": 1670494724.8809526, "env_id": "AntBulletEnv-v0"}
r,l,t
467.529856,1000,1.693569
2.96889,21,1.708744
475.753102,1000,2.462572
500.692021,1000,3.193711
550.356935,1000,3.971359
270.599227,486,4.334841
104.431114,223,4.506231
485.608516,1000,5.256742
501.441912,1000,6.033285
255.634191,551,6.456976
478.163664,1000,7.202869
294.525505,620,7.666593
37.147535,89,7.733831
517.828046,1000,8.489213
