#{"t_start": 1669893352.0962205, "env_id": "AntBulletEnv-v0"}
r,l,t
467.529856,1000,1.672698
2.96889,21,1.688217
475.753102,1000,2.451638
500.692021,1000,3.20408
550.356935,1000,3.97452
270.599227,486,4.337344
104.431114,223,4.507497
485.608516,1000,5.268263
501.441912,1000,6.035045
255.634191,551,6.462453
478.163664,1000,7.215842
294.525505,620,7.690457
37.147535,89,7.75894
517.828046,1000,8.526673
