#{"t_start": 1671634431.0343337, "env_id": "HalfCheetahBulletEnv-v0"}
r,l,t
2828.768796,1000,0.944029
2801.646645,1000,1.857062
2795.022144,1000,2.771495
2808.643278,1000,3.689813
2817.307146,1000,4.608878
2826.944659,1000,5.528357
2791.088666,1000,6.443526
2805.182133,1000,7.362292
2818.786003,1000,8.277598
2829.122588,1000,9.194615
