#{"t_start": 1671634618.8986905, "env_id": "HalfCheetahBulletEnv-v0"}
r,l,t
3150.714399,1000,0.931764
3174.100889,1000,1.843042
3183.741368,1000,2.74895
3164.313384,1000,3.653838
3144.746113,1000,4.560243
3150.131584,1000,5.465556
3148.737781,1000,6.371646
3156.450852,1000,7.278749
3185.126976,1000,8.183035
3154.822117,1000,9.086082
