#{"t_start": 1671633942.030287, "env_id": "HopperBulletEnv-v0"}
r,l,t
786.613944,300,0.25602
2682.639233,1000,1.017676
2612.653378,1000,1.777601
1198.657651,453,2.121237
2648.306765,1000,2.879893
2607.647611,1000,3.635401
2620.777678,1000,4.391903
2657.378228,1000,5.148978
2653.291875,1000,5.903638
2652.664568,1000,6.661257
2659.894933,1000,7.416487
