#{"t_start": 1671633664.0305748, "env_id": "AntBulletEnv-v0"}
r,l,t
2684.074202,1000,1.04515
2724.70232,1000,2.05653
2716.053694,1000,3.065759
2670.80731,1000,4.079448
2685.343625,1000,5.089573
2692.063317,1000,6.099573
2707.20289,1000,7.11161
2688.069979,1000,8.122059
2635.607814,1000,9.135422
2712.091856,1000,10.143685
