#{"t_start": 1671633905.5452206, "env_id": "AntBulletEnv-v0"}
r,l,t
3534.18501,1000,1.017414
3491.865904,1000,2.004075
3503.824125,1000,2.990709
3481.90496,1000,3.975585
3509.171854,1000,4.961541
3501.964612,1000,5.941278
3478.783433,1000,6.925022
3527.115788,1000,7.916495
3516.992416,1000,8.902762
3517.426841,1000,9.891029
