#{"t_start": 1671634270.4389026, "env_id": "HalfCheetahBulletEnv-v0"}
r,l,t
2916.702131,1000,0.938785
2918.042944,1000,1.873286
2907.222781,1000,2.802097
2921.910829,1000,3.715654
2910.819583,1000,4.628741
2918.13681,1000,5.538635
2878.580598,1000,6.447469
2913.556534,1000,7.355808
2908.516371,1000,8.265096
2910.274884,1000,9.174129
