#{"t_start": 1671634601.3999915, "env_id": "AntBulletEnv-v0"}
r,l,t
4163.787015,1000,1.007786
4116.089664,1000,1.985053
3227.677455,1000,2.977066
4192.291428,1000,3.959256
4174.912715,1000,4.938694
2830.836953,1000,5.931744
4205.256111,1000,6.910934
4187.114536,1000,7.891126
4189.67402,1000,8.867698
4169.784931,1000,9.845937
