#{"t_start": 1671634209.5206466, "env_id": "HopperBulletEnv-v0"}
r,l,t
2485.66033,1000,0.788137
2473.865183,1000,1.548193
2477.806341,1000,2.307774
2478.395674,1000,3.068341
2472.112595,1000,3.833549
2479.608004,1000,4.591814
2470.404563,1000,5.346644
2470.631262,1000,6.103596
2461.090917,1000,6.859854
2473.091498,1000,7.617027
