#{"t_start": 1671633932.0978386, "env_id": "AntBulletEnv-v0"}
r,l,t
3738.258563,1000,1.020435
3718.182233,1000,2.011124
3726.102504,1000,3.002731
3729.626709,1000,3.989017
3756.577896,1000,4.976753
3704.254326,1000,5.966985
3727.701243,1000,6.956159
3763.641214,1000,7.94304
3744.668415,1000,8.933666
3747.70831,1000,9.925623
