#{"t_start": 1671633386.7188487, "env_id": "HalfCheetahBulletEnv-v0"}
r,l,t
2692.101602,1000,0.947202
2669.009779,1000,1.868017
2684.202294,1000,2.791341
2679.635196,1000,3.716338
2687.947832,1000,4.638228
2676.189272,1000,5.562078
2656.894039,1000,6.482913
2685.524465,1000,7.404528
2710.371414,1000,8.325966
2681.314959,1000,9.249892
