#{"t_start": 1671633240.773867, "env_id": "HopperBulletEnv-v0"}
r,l,t
1318.472182,551,0.519829
2447.804016,1000,1.368115
2429.084771,1000,2.219486
2416.559913,1000,3.055831
2422.272259,1000,3.875015
2436.702596,1000,4.714524
2405.846959,1000,5.578958
2443.711708,1000,6.421385
2400.79261,1000,7.251884
2432.248245,1000,8.111034
