#{"t_start": 1671633413.5822926, "env_id": "HalfCheetahBulletEnv-v0"}
r,l,t
2852.37697,1000,0.944273
2822.775417,1000,1.862176
2844.609012,1000,2.777633
2838.04423,1000,3.691726
2831.579079,1000,4.60655
2843.011283,1000,5.521399
2856.6641,1000,6.439555
2866.274236,1000,7.358044
2848.247028,1000,8.277946
2853.978039,1000,9.197886
