#{"t_start": 1671634038.9369826, "env_id": "AntBulletEnv-v0"}
r,l,t
3610.8553,1000,1.024057
3616.264958,1000,2.016366
3622.104022,1000,3.009139
3640.805619,1000,4.000803
3648.891729,1000,4.994272
3635.916064,1000,5.988419
3645.461824,1000,6.983091
3595.178634,1000,7.978711
3615.092818,1000,8.975127
3633.057381,1000,9.972507
