#{"t_start": 1671633754.825852, "env_id": "HopperBulletEnv-v0"}
r,l,t
2440.232412,1000,0.791878
2415.345896,1000,1.553726
2413.774177,1000,2.316822
2423.433587,1000,3.077191
2418.296332,1000,3.838184
2434.586979,1000,4.598399
2415.979392,1000,5.36034
2402.453862,1000,6.122451
2407.425931,1000,6.883075
2396.401698,1000,7.643775
