#{"t_start": 1671634771.907907, "env_id": "HopperBulletEnv-v0"}
r,l,t
2555.30459,1000,0.807085
2533.255809,1000,1.591123
2540.647277,1000,2.35565
2556.685577,1000,3.120433
2548.395877,1000,3.883654
2571.428371,1000,4.64553
2547.200693,1000,5.407866
2560.361745,1000,6.170076
2562.8747,1000,6.931358
2572.682454,1000,7.693079
