#{"t_start": 1671634547.8278868, "env_id": "AntBulletEnv-v0"}
r,l,t
3598.791433,1000,1.019012
3601.290065,1000,2.005863
3610.004076,1000,2.995333
3615.529383,1000,3.984769
3628.771263,1000,4.975723
3617.176953,1000,5.965125
3637.379874,1000,6.956073
3641.00553,1000,7.946401
3629.106758,1000,8.936044
3568.063237,1000,9.925578
