#{"t_start": 1671634029.8610077, "env_id": "HalfCheetahBulletEnv-v0"}
r,l,t
2859.028442,1000,0.9316
2784.940055,1000,1.834577
2787.986061,1000,2.7383
2800.421675,1000,3.640638
2143.919751,1000,4.547096
2821.858584,1000,5.449567
2803.75523,1000,6.353212
2777.934331,1000,7.259565
2827.418981,1000,8.163171
2718.994493,1000,9.068972
