#{"t_start": 1671633432.646111, "env_id": "HopperBulletEnv-v0"}
r,l,t
2540.299363,1000,0.785264
2485.808713,1000,1.542715
2503.920669,1000,2.300963
256.978381,124,2.395493
2497.504048,1000,3.154996
2485.616946,1000,3.914764
2561.735756,1000,4.675609
2548.131629,1000,5.437146
2442.228702,969,6.176184
2475.087642,1000,6.937265
1312.560112,523,7.336003
