#{"t_start": 1671633211.2693496, "env_id": "HopperBulletEnv-v0"}
r,l,t
2289.959905,1000,0.874956
902.609524,403,1.203826
2287.521741,1000,2.042909
2278.693942,1000,2.878473
1774.342783,776,3.54547
2277.58395,1000,4.402552
2281.958365,1000,5.239508
1623.60082,709,5.821297
2254.100072,1000,6.667944
2270.69214,1000,7.478608
2286.122427,1000,8.289469
