#{"t_start": 1671633190.1767526, "env_id": "HalfCheetahBulletEnv-v0"}
r,l,t
2374.098404,1000,1.030141
2331.418045,1000,2.031158
2349.968207,1000,3.044071
2352.316582,1000,4.04725
2358.537795,1000,5.040209
2351.760566,1000,6.004761
2358.880477,1000,7.006946
2300.309645,1000,8.048054
2329.863072,1000,9.040619
2362.919313,1000,10.015181
