#{"t_start": 1671633359.7534714, "env_id": "HalfCheetahBulletEnv-v0"}
r,l,t
2517.676144,1000,0.956438
2549.129003,1000,1.885864
2499.219049,1000,2.811539
2549.600994,1000,3.736459
639.709797,1000,4.700759
2554.484149,1000,5.628139
2527.447744,1000,6.555741
2529.031825,1000,7.479995
773.216558,1000,8.405064
2550.207949,1000,9.330837
