#{"t_start": 1671634538.6712, "env_id": "HalfCheetahBulletEnv-v0"}
r,l,t
2840.583719,1000,0.943316
2846.582503,1000,1.85535
2834.708716,1000,2.767343
2845.906423,1000,3.679559
2839.270627,1000,4.591681
2864.813264,1000,5.501522
2848.296653,1000,6.412754
2831.777774,1000,7.324247
2856.805165,1000,8.235119
2860.669145,1000,9.149822
