#{"t_start": 1671634574.5948713, "env_id": "AntBulletEnv-v0"}
r,l,t
3752.007003,1000,1.016165
3757.201072,1000,2.001718
3775.857768,1000,2.986892
3753.029234,1000,3.976543
3751.748278,1000,4.965735
3758.695,1000,5.956774
3758.571162,1000,6.944257
3757.928993,1000,7.935262
3758.646002,1000,8.92709
3725.394071,1000,9.918589
