#{"t_start": 1671633556.6594727, "env_id": "AntBulletEnv-v0"}
r,l,t
3190.613697,1000,1.02642
3282.515365,1000,2.020606
3317.858857,1000,3.013548
3380.000992,1000,4.00651
3380.810126,1000,4.996985
3280.37694,1000,5.992271
3337.928402,1000,6.988767
3277.505503,1000,7.981842
3355.16563,1000,8.976551
3370.649534,1000,9.969173
