#{"t_start": 1671634199.5365036, "env_id": "AntBulletEnv-v0"}
r,l,t
3310.315205,1000,1.018903
3292.221529,1000,2.008312
3258.735807,1000,3.017989
3262.248255,1000,4.024386
3314.793489,1000,5.015339
3242.885225,1000,6.009166
3278.732837,1000,7.002547
3297.090359,1000,7.99212
3277.526085,1000,8.985374
3095.332307,1000,9.977261
