#{"t_start": 1671634182.6410766, "env_id": "HopperBulletEnv-v0"}
r,l,t
2417.813316,1000,0.787367
2392.934271,1000,1.546597
2378.450657,1000,2.304909
2384.112676,1000,3.067902
2409.596824,1000,3.831467
2377.554921,1000,4.594924
1489.594797,632,5.076077
2413.487069,1000,5.837501
2366.399047,1000,6.59814
2420.496405,1000,7.358846
