#{"t_start": 1671634584.5200493, "env_id": "HopperBulletEnv-v0"}
r,l,t
2574.030301,1000,0.789563
2580.198764,1000,1.553455
2590.270881,1000,2.317048
2597.93269,1000,3.079724
2576.923892,1000,3.843234
2568.419157,1000,4.605789
2563.505407,1000,5.368535
2571.480542,1000,6.132057
2556.028958,1000,6.894975
2565.780009,1000,7.658253
