#{"t_start": 1671634745.1922784, "env_id": "HopperBulletEnv-v0"}
r,l,t
2664.863671,1000,0.788969
2641.812414,1000,1.552297
2624.393727,1000,2.314059
2638.106071,1000,3.076021
2625.563091,1000,3.837688
2039.22964,763,4.418776
1290.023476,497,4.797378
2633.510815,1000,5.560096
2616.524972,1000,6.321479
2620.804804,1000,7.084082
