#{"t_start": 1671633395.975262, "env_id": "AntBulletEnv-v0"}
r,l,t
3421.67711,1000,1.021599
3423.402882,1000,2.016243
3408.813384,1000,3.008163
3426.065695,1000,4.000624
3418.875562,1000,4.992352
3428.675994,1000,5.982394
3428.044185,1000,6.974606
3402.279824,1000,7.970228
3420.26517,1000,8.962309
3423.337587,1000,9.95626
