#{"t_start": 1671633861.892665, "env_id": "HopperBulletEnv-v0"}
r,l,t
2525.599679,1000,0.790234
2507.269774,1000,1.553677
2493.636725,1000,2.317775
2523.141165,1000,3.079384
2501.164683,1000,3.842006
2520.307397,1000,4.606658
2515.584051,1000,5.370501
2530.703308,1000,6.132755
2513.766921,1000,6.894874
2510.033517,1000,7.659327
