#{"t_start": 1671634762.0381246, "env_id": "AntBulletEnv-v0"}
r,l,t
3802.203636,1000,1.012659
3790.134949,1000,1.994924
3790.925226,1000,2.980751
3803.541839,1000,3.963936
3767.510506,1000,4.9467
3785.77837,1000,5.930139
3814.273186,1000,6.912994
3802.893038,1000,7.897306
3815.294128,1000,8.879266
3790.489385,1000,9.862978
