#{"t_start": 1671633502.6269379, "env_id": "AntBulletEnv-v0"}
r,l,t
2509.652247,1000,1.040899
2658.320693,1000,2.045575
131.948927,125,2.17362
2676.217081,1000,3.176657
118.382424,121,3.301064
510.608659,1000,4.349707
463.551929,1000,5.3916
135.60275,130,5.524743
2709.012828,1000,6.529417
2699.857788,1000,7.536463
2647.704695,1000,8.542427
2682.333332,1000,9.549068
