#{"t_start": 1671633249.280409, "env_id": "HalfCheetahBulletEnv-v0"}
r,l,t
2856.770137,1000,1.038386
2820.965586,1000,2.058201
2843.495644,1000,3.035913
2854.3495,1000,4.040745
2833.374872,1000,5.0684
2870.65767,1000,6.129692
2837.60778,1000,7.166203
2848.806742,1000,8.148594
2834.530066,1000,9.125134
2839.651971,1000,10.091567
