#{"t_start": 1671633476.0844166, "env_id": "AntBulletEnv-v0"}
r,l,t
4239.109412,1000,1.004795
4231.542648,1000,1.980656
538.81582,1000,3.014759
4232.261251,1000,4.015996
4313.300365,1000,5.007677
4337.124326,1000,5.985194
4278.792585,1000,6.956468
4303.890201,1000,7.927848
4313.487185,1000,8.902017
4287.74466,1000,9.877376
