#{"t_start": 1671633647.15161, "env_id": "HopperBulletEnv-v0"}
r,l,t
2530.391228,1000,0.789296
2539.518292,1000,1.548709
850.932812,360,1.822615
2552.628022,1000,2.583705
2533.961427,1000,3.343652
2531.521946,1000,4.104183
2544.509968,1000,4.863675
2528.802459,1000,5.623188
2542.876666,1000,6.38291
2552.150556,1000,7.143313
