#{"t_start": 1669893176.5564787, "env_id": "AntBulletEnv-v0"}
r,l,t
512.959818,1000,1.655816
14.50696,47,1.6918
247.901201,526,2.101851
284.753606,610,2.572065
501.940869,1000,3.351528
6.953982,25,3.369699
37.859228,97,3.444675
493.940583,1000,4.210002
481.662389,1000,4.982319
4.451408,20,4.996743
75.831569,169,5.126765
448.774558,1000,5.888753
174.539127,352,6.166698
216.470757,452,6.510822
39.418706,84,6.574022
518.123519,1000,7.336827
491.836316,1000,8.106874
