#{"t_start": 1670321237.5255704, "env_id": "AntBulletEnv-v0"}
r,l,t
512.959818,1000,1.677265
14.50696,47,1.712478
247.901201,526,2.107072
284.753606,610,2.576177
501.940869,1000,3.344677
6.953982,25,3.362725
37.859228,97,3.436789
493.940583,1000,4.19196
481.662389,1000,4.979984
4.451408,20,4.994209
75.831569,169,5.12258
448.774558,1000,5.867037
174.539127,352,6.13594
216.470757,452,6.47362
39.418706,84,6.535836
518.123519,1000,7.288592
491.836316,1000,8.04026
