#{"t_start": 1670392154.6590972, "env_id": "AntBulletEnv-v0"}
r,l,t
512.959818,1000,1.636232
14.50696,47,1.672429
247.901201,526,2.075668
284.753606,610,2.549115
501.940869,1000,3.337296
6.953982,25,3.35562
37.859228,97,3.431125
493.940583,1000,4.205009
481.662389,1000,4.990303
4.451408,20,5.004952
75.831569,169,5.13653
448.774558,1000,5.900566
174.539127,352,6.182291
216.470757,452,6.537499
39.418706,84,6.60155
518.123519,1000,7.375925
491.836316,1000,8.149107
