#{"t_start": 1670494546.7535257, "env_id": "AntBulletEnv-v0"}
r,l,t
512.959818,1000,1.672996
14.50696,47,1.710372
247.901201,526,2.119772
284.753606,610,2.594718
501.940869,1000,3.377702
6.953982,25,3.396174
37.859228,97,3.472639
493.940583,1000,4.252505
481.662389,1000,5.042916
4.451408,20,5.057509
75.831569,169,5.189964
448.774558,1000,5.963474
174.539127,352,6.242837
216.470757,452,6.603434
39.418706,84,6.668098
518.123519,1000,7.446888
491.836316,1000,8.226901
