#{"t_start": 1671634735.266026, "env_id": "AntBulletEnv-v0"}
r,l,t
4000.4501,1000,1.01834
3955.385728,1000,2.008085
3975.286822,1000,2.997014
3968.151933,1000,3.986043
3990.350869,1000,4.976678
3986.330673,1000,5.964148
3964.457919,1000,6.951641
3890.176135,1000,7.93924
3984.726218,1000,8.930705
3996.897049,1000,9.919409
