#{"t_start": 1671634226.3057046, "env_id": "AntBulletEnv-v0"}
r,l,t
3679.143247,1000,1.012703
3657.94999,1000,1.99486
3649.571338,1000,2.976298
3663.261375,1000,3.962671
3611.743726,1000,4.947544
3664.814371,1000,5.93239
3659.700871,1000,6.916005
3680.449766,1000,7.899437
3659.047836,1000,8.883991
3687.124361,1000,9.866072
