#{"t_start": 1671633949.6401165, "env_id": "HalfCheetahBulletEnv-v0"}
r,l,t
2999.92327,1000,0.930554
3157.272803,1000,1.826119
3186.691021,1000,2.72377
3272.562224,1000,3.620096
3213.925508,1000,4.517882
3302.55157,1000,5.415894
3199.00135,1000,6.311059
3071.538619,1000,7.211399
3235.215929,1000,8.108745
2885.828158,1000,9.009155
