#{"t_start": 1671633325.3223958, "env_id": "HopperBulletEnv-v0"}
r,l,t
2968.907916,1000,0.78481
2946.218878,1000,1.540799
2981.863669,1000,2.29752
2982.429486,1000,3.053997
2942.712486,1000,3.810517
2953.851431,1000,4.568181
466.236801,172,4.698554
2929.084082,1000,5.45593
2924.257882,1000,6.213012
2954.706405,1000,6.969638
