#{"t_start": 1671634645.7423935, "env_id": "HalfCheetahBulletEnv-v0"}
r,l,t
2576.585333,1000,0.946229
2573.770357,1000,1.86168
2577.063391,1000,2.775609
2601.071629,1000,3.691305
2588.677051,1000,4.609486
2647.31614,1000,5.523821
2628.607076,1000,6.440149
2599.241133,1000,7.354661
2648.248179,1000,8.272695
2622.63128,1000,9.190537
