#{"t_start": 1671634521.0352228, "env_id": "AntBulletEnv-v0"}
r,l,t
3243.627985,1000,1.021582
3257.025531,1000,2.015617
3302.804267,1000,3.007497
3290.924949,1000,3.998673
3293.112599,1000,4.990481
3297.125904,1000,5.982975
3306.601191,1000,6.974351
3308.82547,1000,7.969721
3300.423511,1000,8.965861
3322.511961,1000,9.960784
