#{"t_start": 1671634109.9916072, "env_id": "HalfCheetahBulletEnv-v0"}
r,l,t
2919.421298,1000,0.940369
2923.220074,1000,1.84967
2882.603237,1000,2.759311
2892.807444,1000,3.668337
2887.227635,1000,4.579293
2904.378573,1000,5.491558
2910.438871,1000,6.401686
2911.5036,1000,7.311984
2898.745405,1000,8.223696
2909.829542,1000,9.1359
