#{"t_start": 1671633815.9793396, "env_id": "HalfCheetahBulletEnv-v0"}
r,l,t
3228.217642,1000,0.923433
3229.35368,1000,1.817474
3087.297138,1000,2.709617
3012.61536,1000,3.604994
3092.634378,1000,4.499745
2920.347507,1000,5.394398
3044.869562,1000,6.284942
3279.600919,1000,7.174536
3158.608048,1000,8.064792
2987.209705,1000,8.954812
