#{"t_start": 1671633369.0910301, "env_id": "AntBulletEnv-v0"}
r,l,t
3183.084369,1000,1.025565
3160.521602,1000,2.017317
3184.486022,1000,3.013759
3138.830551,1000,4.005357
3141.550685,1000,4.996897
3171.036199,1000,5.987927
3119.722446,1000,6.975382
3188.722332,1000,7.959975
3149.467826,1000,8.944022
3178.518863,1000,9.935091
