#{"t_start": 1671634129.0540943, "env_id": "HopperBulletEnv-v0"}
r,l,t
2910.928632,1000,0.790314
2920.915776,1000,1.551715
2914.544476,1000,2.31248
2889.639846,1000,3.072174
2913.60864,1000,3.831245
2890.162064,1000,4.595548
2930.684284,1000,5.358341
2945.786793,1000,6.121292
2917.484303,1000,6.885664
2910.306246,1000,7.646035
