#{"t_start": 1671633259.3789523, "env_id": "AntBulletEnv-v0"}
r,l,t
3625.787354,1000,1.086906
3608.131399,1000,2.133826
3629.156951,1000,3.184823
3601.524235,1000,4.234185
3606.545823,1000,5.273664
3630.855084,1000,6.322006
3579.189117,1000,7.370005
3619.547062,1000,8.418185
3617.011552,1000,9.483848
3589.954976,1000,10.544121
