#{"t_start": 1671633520.501047, "env_id": "HalfCheetahBulletEnv-v0"}
r,l,t
2598.407855,1000,0.946743
2584.7465,1000,1.868131
2592.235152,1000,2.784511
2547.546078,1000,3.703122
2566.881993,1000,4.624408
2604.218292,1000,5.545892
2586.292052,1000,6.464628
2593.431815,1000,7.385957
2590.671542,1000,8.304362
2579.471734,1000,9.223437
