#{"t_start": 1671634155.7043295, "env_id": "HopperBulletEnv-v0"}
r,l,t
2469.685623,1000,0.792216
2481.485463,1000,1.555661
2481.306102,1000,2.318342
2476.289369,1000,3.080976
2485.614857,1000,3.843857
2332.294869,940,4.560798
2476.79984,1000,5.322822
2480.369577,1000,6.083836
2486.200423,1000,6.845004
2458.30399,1000,7.6065
