#{"t_start": 1671633352.1187766, "env_id": "HopperBulletEnv-v0"}
r,l,t
1296.198604,544,0.439938
2318.237351,1000,1.202093
474.566549,196,1.356625
715.532264,309,1.59451
2308.966226,1000,2.356216
1683.591233,715,2.898478
2349.414409,1000,3.65654
2303.838395,1000,4.415202
2310.119347,1000,5.172801
2353.65889,1000,5.931979
2348.118684,1000,6.68932
2325.740012,1000,7.448858
