#{"t_start": 1671633627.9961388, "env_id": "HalfCheetahBulletEnv-v0"}
r,l,t
2923.96469,1000,0.952654
2922.14975,1000,1.872917
2921.06982,1000,2.794289
2912.502309,1000,3.714105
2917.360503,1000,4.634835
2924.661819,1000,5.554424
2912.118312,1000,6.473978
2920.200522,1000,7.396224
2909.377069,1000,8.319019
2925.2801,1000,9.24058
