#{"t_start": 1671633701.162289, "env_id": "HopperBulletEnv-v0"}
r,l,t
2121.373628,1000,0.790719
2131.592112,1000,1.554241
2146.947377,1000,2.317532
2139.086425,1000,3.079571
2132.908876,1000,3.841352
2138.889442,1000,4.604046
2113.808992,1000,5.369316
2129.927047,1000,6.133271
2123.734567,1000,6.896519
2135.75454,1000,7.659213
