#{"t_start": 1671633493.6033962, "env_id": "HalfCheetahBulletEnv-v0"}
r,l,t
3287.11168,1000,0.927361
2852.619318,1000,1.830456
3259.696616,1000,2.729051
3302.001011,1000,3.62828
3273.694142,1000,4.526739
3246.795698,1000,5.424366
3256.692432,1000,6.320803
3279.511735,1000,7.216857
3295.936101,1000,8.115975
3070.062815,1000,9.016983
