#{"t_start": 1671633610.4449587, "env_id": "AntBulletEnv-v0"}
r,l,t
3420.156343,1000,1.017371
3495.758854,1000,2.006156
3511.381771,1000,2.998264
3489.355216,1000,3.982398
3508.013198,1000,4.970682
3510.812226,1000,5.957964
3512.69043,1000,6.943353
3508.353062,1000,7.930818
3518.286912,1000,8.916184
3490.797456,1000,9.901492
