#{"t_start": 1671633332.924976, "env_id": "HalfCheetahBulletEnv-v0"}
r,l,t
2920.126113,1000,0.950089
2929.987866,1000,1.864498
2933.043264,1000,2.774042
2924.713353,1000,3.684235
2892.184946,1000,4.593494
2916.723418,1000,5.502778
2938.780717,1000,6.410491
2930.580538,1000,7.319912
2928.111475,1000,8.229529
2877.595143,1000,9.139083
