#{"t_start": 1670321354.8225322, "env_id": "AntBulletEnv-v0"}
r,l,t
506.638342,1000,1.635948
7.204791,22,1.651615
505.407211,1000,2.406651
514.64586,1000,3.130908
486.066775,1000,3.88088
84.427767,181,4.015874
522.325503,1000,4.767135
290.946546,598,5.207794
140.299388,288,5.430307
339.271653,732,5.97695
492.684034,1000,6.72568
192.557775,409,7.024169
510.636748,1000,7.766594
