#{"t_start": 1670549546.2798655, "env_id": "AntBulletEnv-v0"}
r,l,t
506.638342,1000,1.612124
7.204791,22,1.627959
505.407211,1000,2.377873
514.64586,1000,3.100608
486.066775,1000,3.846287
84.427767,181,3.982286
522.325503,1000,4.720365
290.946546,598,5.159521
140.299388,288,5.37898
339.271653,732,5.926303
492.684034,1000,6.67631
192.557775,409,6.974731
510.636748,1000,7.725936
