#{"t_start": 1670392275.2471254, "env_id": "AntBulletEnv-v0"}
r,l,t
506.638342,1000,1.590822
7.204791,22,1.606231
505.407211,1000,2.349075
514.64586,1000,3.069142
486.066775,1000,3.816124
84.427767,181,3.950273
522.325503,1000,4.68972
290.946546,598,5.12939
140.299388,288,5.355114
339.271653,732,5.903605
492.684034,1000,6.646185
192.557775,409,6.943975
510.636748,1000,7.689145
