#{"t_start": 1669893294.3430145, "env_id": "AntBulletEnv-v0"}
r,l,t
506.638342,1000,1.627279
7.204791,22,1.642824
505.407211,1000,2.394873
514.64586,1000,3.101965
486.066775,1000,3.843995
84.427767,181,3.976435
522.325503,1000,4.708371
290.946546,598,5.136208
140.299388,288,5.359496
339.271653,732,5.89728
492.684034,1000,6.632476
192.557775,409,6.929015
510.636748,1000,7.671651
