#{"t_start": 1670494665.305827, "env_id": "AntBulletEnv-v0"}
r,l,t
506.638342,1000,1.636389
7.204791,22,1.652178
505.407211,1000,2.404863
514.64586,1000,3.136805
486.066775,1000,3.886811
84.427767,181,4.021858
522.325503,1000,4.764007
290.946546,598,5.213274
140.299388,288,5.433366
339.271653,732,5.980837
492.684034,1000,6.728978
192.557775,409,7.028948
510.636748,1000,7.792393
