#{"t_start": 1671633459.3486357, "env_id": "HopperBulletEnv-v0"}
r,l,t
2546.344647,1000,0.789542
2480.29551,1000,1.555562
2405.413874,1000,2.319671
2437.976055,1000,3.084798
2493.978607,1000,3.849791
2447.428206,1000,4.613392
2483.214985,1000,5.375649
2472.619316,1000,6.138282
2484.444668,1000,6.902606
2446.388791,1000,7.667075
